pick_number,type,player,prop_type,line,recommendation,confidence,reasoning,risk_factors
1,PICK,Jayden Daniels,Pass TDs Over 1.5,,Over,High,"Daniels showed dual-threat upside in Week 1 with a 70.8% completion rate and 184 passing yards, though no TDs yet; his projection of 2.8 TDs (87.3% edge) against a Packers secondary that allowed 251 passing yards to the Eagles in Week 1 suggests a breakout passing game is likely. Favorable weather (mid-60s°F, light winds) at Lambeau Field supports passing volume, and his full clearance from a minor wrist issue (per Rapoport) ensures a full workload. -","As a rookie, Daniels could struggle with turnovers or conservative play-calling if the Commanders lean on the run; the Packers' pass rush could disrupt rhythm if protection falters."
2,PICK,Josh Jacobs,Reception Yards Over 12.5,,Over,High,"Jacobs’ projection of 21.3 yards (70.3% edge) aligns with his Week 1 role (3 receptions, 71.5% snaps, 4.5 targets) as the Packers’ workhorse RB, especially with AJ Dillon on IR; the Colts’ defense, which allowed 213 rushing yards in Week 1, is vulnerable to check-downs. Ideal weather (mid-60s°F at Lambeau) and a potential run-heavy script if Jordan Love is limited (MCL sprain) boost his receiving opportunities. -","Game script could shift to passing if the Packers trail, reducing RB targets; backup QBs (if Love sits) might not check down as often."
3,PICK,Jared Goff,Pass Yards Over 248.5,,Over,High,"Goff’s projection of 341.7 yards (37.5% edge) is supported by his 2024 season (4,500+ yards, 67% completion) and indoor conditions at Ford Field, favoring passers; the Buccaneers’ secondary allowed 285 passing yards in Week 1, making this a juicy matchup. No injury concerns and strong chemistry with Amon-Ra St. Brown (per ESPN) suggest a big game. -","Tampa Bay’s pass rush could pressure Goff into quicker, shorter throws; an early lead might shift focus to the run game."
4,PICK,Josh Allen,Pass Yards Over 230.5,,Over,High,"Allen’s Week 1 performance (300+ yards, multiple TDs vs. Ravens) and projection of 297.0 yards (28.9% edge) highlight his elite form; facing a Dolphins secondary that struggled in their opener, combined with mild Miami weather (mid-80s°F, low wind), supports a pass-heavy approach. Full health and expert praise (Schefter’s “matchup nightmare” tag) cement this as a strong bet. -","High humidity could affect grip slightly; Dolphins’ defense might focus on containing Allen’s deep throws, forcing shorter completions."
5,PICK,Bryce Young,Pass TDs Over 1.5,,Over,Medium,"Young’s projection of 2.4 TDs (60.0% edge) builds on his Week 1 progress (1 TD, improved pocket presence per ESPN) against a Chargers defense with a strong pass rush but middling secondary; ideal weather (mid-80s°F, low wind) in Charlotte supports passing. Full health and stable role as starter (100% snaps) add confidence. -","Chargers’ edge rushers (e.g., Joey Bosa) could force hurried throws or sacks; Young’s inexperience might lead to conservative play-calling."
6,PICK,Noah Brown,Reception Yards Over 22.5,,Over,Medium,"Brown’s projection of 31.4 yards (39.8% edge) aligns with his Week 1 efficiency (2 catches, 31 yards on 62.7% snaps); facing a Bears secondary that allowed 250+ passing yards in Week 1, indoor conditions at NRG Stadium favor passing volume. No injury concerns and a stable WR3/4 role (per NFL.com) suggest value at this low line. -","Target share could be limited with Nico Collins, Tank Dell, and Stefon Diggs ahead; game script might favor running if the Texans lead early."
7,PICK,Austin Ekeler,Reception Yards Over 22.5,,Over,Medium,"Ekeler’s projection of 30.4 yards (35.2% edge) matches his Week 1 output (3 receptions, 28 yards) and role as a pass-catching RB (51.2% snaps, 2.7 targets); the Giants’ defense, vulnerable to check-downs (140+ rush yards allowed in Week 1), offers opportunity. Favorable weather (78°F, light winds) and full health (per NFL.com) support this play. -",Target volume could dip if the Commanders focus on Jayden Daniels’ rushing; Brian Robinson Jr. might eat into touches if the game script favors early-down runs.
8,PICK,Geno Smith,Pass Interceptions Over 0.5,,Over,Medium,"Smith’s projection of 0.7 INTs (40.0% edge) reflects his Week 1 stat line (1 INT) and a Patriots defense that can exploit middling QBs with pressure; mild weather (72°F, low wind) in Foxborough won’t hinder passing but might force risky throws if Seattle trails. Full health and 100% snap share (per NFL.com) ensure he’ll see enough attempts to hit this. -",Smith’s accuracy (68% in Week 1) could keep INTs low if he plays conservatively; Patriots’ secondary might underperform if injuries persist.
9,PICK,Deebo Samuel Sr.,Rush Yards Over 6.5,,Over,Low,"Samuel’s projection of 8.9 yards (36.9% edge) leverages his dual-threat role (23 rushing yards, 1 TD in Week 1); even with a questionable calf strain, indoor conditions at U.S. Bank Stadium favor limited but efficient usage in jet sweeps if he plays. Historical hybrid usage (WR/RB) adds upside at this low line. -",Calf injury could sideline him or severely limit snaps (DNP in practice per Rapoport); 49ers might pivot to other weapons like Aiyuk if Samuel’s mobility is compromised.
10,PICK,Bryce Young,Rush Yards Over 18.5,,Over,Medium,"Young’s projection of 27.9 yards (50.6% edge) builds on his Week 1 scrambling (22 yards) and mobility against a Chargers pass rush that could force escapes; ideal weather (mid-80s°F, low wind) supports designed runs or scrambles. Full health and 84.5% snap share (per NFL.com) ensure opportunity. -","Chargers’ defense (top-10 in sacks) could limit scramble lanes with quick pressure; game script might reduce rushing attempts if trailing significantly. --- ### Selection Criteria and Market Context These top 10 bets were chosen based on the highest projection edges (e.g., Daniels at 87.3%, Jacobs at 70.3%), recent player form (e.g., Allen’s 300+ yard Week 1), and favorable matchups (e.g., Brown vs. Bears’ secondary). I prioritized players with full health clearance or manageable injuries (e.g., Samuel’s questionable status downgraded confidence), stable snap shares (e.g., Goff at 97.3%), and indoor/mild weather conditions that minimize variables. Historical performance against opponents was considered where data was implied (e.g., Goff’s indoor success), though specific head-to-head stats for 2025 matchups are limited to Week 1 trends. Market value was assessed via low lines relative to projections (e.g., Ekeler’s 22.5 reception yards) and expert consensus (e.g., Rapoport/Schefter insights on Daniels and Allen). Risks like game scripts, injuries, or defensive adjustments were weighed to balance confidence levels. For the most current odds or line movements, check platforms like DraftKings or FanDuel closer to game day, as late injury updates (e.g., Samuel’s status) or weather shifts could adjust markets. If you need deeper dives into specific bets or additional props, let me know!"
1,STAT,Noah Brown,,,,,"Noah Brown has racked up 47.3 receiving yards per game across 132 games, smashing his Week 2 prop line of 22.5 by over 110%!",
2,STAT,Josh Jacobs,,,,,"Josh Jacobs averages a solid 23.0 receiving yards per game over 218 games, easily clearing his Week 2 line of 12.5 by 84.1%.",
3,STAT,Deebo Samuel,,,,,"Deebo Samuel’s dual-threat ability shines with 11.4 rushing yards per game in 175 games, soaring past his Week 2 line of 6.5 by 76.1%.",
4,STAT,Geno Smith,,,,,"Geno Smith’s turnover woes show with 0.9 interceptions per game over 218 games, topping his Week 2 line of 0.5 by a risky 76.1%.",
5,STAT,Josh Jacobs,,,,,"Josh Jacobs hauls in 2.5 catches per game across 218 games, cruising over his Week 2 receptions line of 1.5 by 67.9%.",
6,STAT,Jordan Love,,,,,"Jordan Love’s 0.8 interceptions per game in 200 games overshoots his Week 2 line of 0.5 by 63.0%, signaling turnover trouble.",
7,STAT,Jordan Love,,,,,"Jordan Love scrambles for 10.6 rushing yards per game over 200 games, beating his Week 2 line of 6.5 by a tidy 63.0%.",
8,STAT,Austin Ekeler,,,,,"Austin Ekeler churns out 36.0 rushing yards per game in 141 games, topping his Week 2 line of 22.5 by a strong 59.9%.",
9,STAT,Austin Ekeler,,,,,"Austin Ekeler averages 33.6 receiving yards per game across 141 games, outpacing his Week 2 line of 22.5 by a healthy 49.4%.",
10,STAT,Justin Herbert,,,,,"Justin Herbert keeps it clean with just 0.3 interceptions per game in 210 games, falling well short of his Week 2 line of 0.5 by 43.8%.",
11,STAT,A.J. Brown,,,,,"A.J. Brown dominates with 93.5 receiving yards per game over 190 games, crushing his Week 2 line of 67.5 by 38.5%.",
12,STAT,Bryce Young,,,,,"Bryce Young’s 0.7 interceptions per game in 175 games edges over his Week 2 line of 0.5 by 31.4%, hinting at risky throws.",
13,STAT,Noah Brown,,,,,"Noah Brown averages 3.2 catches per game in 132 games, comfortably beating his Week 2 receptions line of 2.5 by 30.0%.",
14,STAT,Saquon Barkley,,,,,"Saquon Barkley bulldozes for 115.7 rushing yards per game across 185 games, powering past his Week 2 line of 89.5 by 29.3%.",
15,STAT,Kyler Murray,,,,,"Kyler Murray tosses 0.6 interceptions per game in 154 games, sneaking over his Week 2 line of 0.5 by 28.6%.",
16,STAT,Jayden Reed,,,,,"Jayden Reed posts 47.8 receiving yards per game over 218 games, topping his Week 2 line of 37.5 by a promising 27.5%.",
17,STAT,Kyler Murray,,,,,"Kyler Murray scrambles for 33.7 rushing yards per game in 154 games, outrunning his Week 2 line of 26.5 by 27.1%.",
18,STAT,Bryce Young,,,,,"Bryce Young averages just 1.1 passing TDs per game in 175 games, lagging behind his Week 2 line of 1.5 by 26.9%.",
19,STAT,Trevor Lawrence,,,,,"Trevor Lawrence manages only 1.1 passing TDs per game over 155 games, falling short of his Week 2 line of 1.5 by 26.0%.",
20,STAT,Matthew Stafford,,,,,"Matthew Stafford averages 1.2 passing TDs per game in 209 games, missing his Week 2 line of 1.5 by 21.9%.",
