year,week,weather,home_team,away_team,player,team,opponent,home_away,team_score,opp_score,pos,snaps,snap_pct,pass_cmp,pass_att,pass_yds,pass_tds,pass_int,sacks,rush_att,rush_yds,rush_tds,targets,receptions,rec_yds,rec_tds,fumbles
2025,1,,New Orleans Saints,Arizona Cardinals,Elijah Higgins,ARI,New Orleans Saints,away,20,13,TE,0,0.0,0,0,0,0,0,0,0,0,0,2,1,3,0,0
2025,1,,New Orleans Saints,Arizona Cardinals,Greg Dortch,ARI,New Orleans Saints,away,20,13,WR,0,0.0,0,0,0,0,0,0,0,0,0,1,1,-2,0,0
2025,1,,New Orleans Saints,Arizona Cardinals,James Conner,ARI,New Orleans Saints,away,20,13,RB,12,21.428571428571427,0,0,0,0,0,0,12,39,0,4,4,5,1,0
2025,1,,New Orleans Saints,Arizona Cardinals,Kyler Murray,ARI,New Orleans Saints,away,20,13,QB,36,64.28571428571429,21,29,163,2,0,5,7,38,0,0,0,0,0,0
2025,1,,New Orleans Saints,Arizona Cardinals,Marvin Harrison Jr.,ARI,New Orleans Saints,away,20,13,WR,0,0.0,0,0,0,0,0,0,0,0,0,6,5,71,1,0
2025,1,,New Orleans Saints,Arizona Cardinals,Michael Wilson,ARI,New Orleans Saints,away,20,13,WR,0,0.0,0,0,0,0,0,0,0,0,0,4,1,5,0,0
2025,1,,New Orleans Saints,Arizona Cardinals,Tip Reiman,ARI,New Orleans Saints,away,20,13,TE,0,0.0,0,0,0,0,0,0,0,0,0,1,1,10,0,0
2025,1,,New Orleans Saints,Arizona Cardinals,Trey Benson,ARI,New Orleans Saints,away,20,13,RB,8,14.285714285714285,0,0,0,0,0,0,8,69,0,1,1,6,0,0
2025,1,,New Orleans Saints,Arizona Cardinals,Trey McBride,ARI,New Orleans Saints,away,20,13,TE,0,0.0,0,0,0,0,0,0,0,0,0,9,6,61,0,0
2025,1,,New Orleans Saints,Arizona Cardinals,Zay Jones,ARI,New Orleans Saints,away,20,13,WR,0,0.0,0,0,0,0,0,0,0,0,0,1,1,4,0,0
2025,1,,Atlanta Falcons,Tampa Bay Buccaneers,Bijan Robinson,ATL,Atlanta Falcons,away,23,20,RB,12,17.142857142857142,0,0,0,0,0,0,12,24,0,7,6,100,1,0
2025,1,,Atlanta Falcons,Tampa Bay Buccaneers,Casey Washington,ATL,Atlanta Falcons,away,23,20,WR,0,0.0,0,0,0,0,0,0,0,0,0,6,3,33,0,0
2025,1,,Atlanta Falcons,Tampa Bay Buccaneers,Drake London,ATL,Atlanta Falcons,away,23,20,WR,0,0.0,0,0,0,0,0,0,0,0,0,15,8,55,0,0
2025,1,,Atlanta Falcons,Tampa Bay Buccaneers,KhaDarel Hodge,ATL,Atlanta Falcons,away,23,20,WR,0,0.0,0,0,0,0,0,0,0,0,0,1,0,0,0,0
2025,1,,Atlanta Falcons,Tampa Bay Buccaneers,Kyle Pitts,ATL,Atlanta Falcons,away,23,20,TE,0,0.0,0,0,0,0,0,0,0,0,0,8,7,59,0,0
2025,1,,Atlanta Falcons,Tampa Bay Buccaneers,Michael Penix,ATL,Atlanta Falcons,away,23,20,QB,48,68.57142857142857,27,42,298,1,0,1,6,21,1,0,0,0,0,1
2025,1,,Atlanta Falcons,Tampa Bay Buccaneers,Ray-Ray McCloud,ATL,Atlanta Falcons,away,23,20,WR,0,0.0,0,0,0,0,0,0,0,0,0,5,3,51,0,0
2025,1,,Atlanta Falcons,Tampa Bay Buccaneers,Tyler Allgeier,ATL,Atlanta Falcons,away,23,20,RB,10,14.285714285714285,0,0,0,0,0,0,10,24,0,0,0,0,0,0
2025,1,"58 degrees, relative humidity 61%, wind 8 mph",Baltimore Ravens,Buffalo Bills,DeAndre Hopkins,BAL,Baltimore Ravens,away,41,40,WR,0,0.0,0,0,0,0,0,0,0,0,0,2,2,35,1,0
2025,1,"58 degrees, relative humidity 61%, wind 8 mph",Baltimore Ravens,Buffalo Bills,Derrick Henry,BAL,Baltimore Ravens,away,41,40,RB,18,37.5,0,0,0,0,0,0,18,169,2,1,1,13,0,1
2025,1,"58 degrees, relative humidity 61%, wind 8 mph",Baltimore Ravens,Buffalo Bills,Justice Hill,BAL,Baltimore Ravens,away,41,40,RB,2,4.166666666666666,0,0,0,0,0,0,2,-14,0,2,1,3,0,1
2025,1,"58 degrees, relative humidity 61%, wind 8 mph",Baltimore Ravens,Buffalo Bills,Lamar Jackson,BAL,Baltimore Ravens,away,41,40,QB,25,52.083333333333336,14,19,209,2,0,2,6,70,1,0,0,0,0,0
2025,1,"58 degrees, relative humidity 61%, wind 8 mph",Baltimore Ravens,Buffalo Bills,Mark Andrews,BAL,Baltimore Ravens,away,41,40,TE,0,0.0,0,0,0,0,0,0,0,0,0,1,1,5,0,0
2025,1,"58 degrees, relative humidity 61%, wind 8 mph",Baltimore Ravens,Buffalo Bills,Rasheen Ali,BAL,Baltimore Ravens,away,41,40,RB,1,2.083333333333333,0,0,0,0,0,0,1,5,0,0,0,0,0,0
2025,1,"58 degrees, relative humidity 61%, wind 8 mph",Baltimore Ravens,Buffalo Bills,Rashod Bateman,BAL,Baltimore Ravens,away,41,40,WR,0,0.0,0,0,0,0,0,0,0,0,0,4,2,10,0,0
2025,1,"58 degrees, relative humidity 61%, wind 8 mph",Baltimore Ravens,Buffalo Bills,Zay Flowers,BAL,Baltimore Ravens,away,41,40,WR,2,4.166666666666666,0,0,0,0,0,0,2,8,0,9,7,143,1,0
2025,1,"58 degrees, relative humidity 61%, wind 8 mph",Baltimore Ravens,Buffalo Bills,Dalton Kincaid,BUF,Baltimore Ravens,away,41,40,TE,0,0.0,0,0,0,0,0,0,0,0,0,4,4,48,1,1
2025,1,"58 degrees, relative humidity 61%, wind 8 mph",Baltimore Ravens,Buffalo Bills,Dawson Knox,BUF,Baltimore Ravens,away,41,40,TE,0,0.0,0,0,0,0,0,0,0,0,0,2,2,20,0,0
2025,1,"58 degrees, relative humidity 61%, wind 8 mph",Baltimore Ravens,Buffalo Bills,Elijah Moore,BUF,Baltimore Ravens,away,41,40,WR,1,1.2987012987012987,0,0,0,0,0,0,1,8,0,1,1,3,0,0
2025,1,"58 degrees, relative humidity 61%, wind 8 mph",Baltimore Ravens,Buffalo Bills,Jackson Hawes,BUF,Baltimore Ravens,away,41,40,TE,0,0.0,0,0,0,0,0,0,0,0,0,1,1,29,0,0
2025,1,"58 degrees, relative humidity 61%, wind 8 mph",Baltimore Ravens,Buffalo Bills,James Cook,BUF,Baltimore Ravens,away,41,40,RB,13,16.883116883116884,0,0,0,0,0,0,13,44,1,5,5,58,0,0
2025,1,"58 degrees, relative humidity 61%, wind 8 mph",Baltimore Ravens,Buffalo Bills,Josh Allen,BUF,Baltimore Ravens,away,41,40,QB,60,77.92207792207793,33,46,394,2,0,1,14,30,2,0,0,0,0,0
2025,1,"58 degrees, relative humidity 61%, wind 8 mph",Baltimore Ravens,Buffalo Bills,Josh Palmer,BUF,Baltimore Ravens,away,41,40,WR,0,0.0,0,0,0,0,0,0,0,0,0,9,5,61,0,0
2025,1,"58 degrees, relative humidity 61%, wind 8 mph",Baltimore Ravens,Buffalo Bills,Keon Coleman,BUF,Baltimore Ravens,away,41,40,WR,0,0.0,0,0,0,0,0,0,0,0,0,11,8,112,1,0
2025,1,"58 degrees, relative humidity 61%, wind 8 mph",Baltimore Ravens,Buffalo Bills,Khalil Shakir,BUF,Baltimore Ravens,away,41,40,WR,0,0.0,0,0,0,0,0,0,0,0,0,9,6,64,0,0
2025,1,"58 degrees, relative humidity 61%, wind 8 mph",Baltimore Ravens,Buffalo Bills,Ray Davis,BUF,Baltimore Ravens,away,41,40,RB,1,1.2987012987012987,0,0,0,0,0,0,1,2,0,1,1,-1,0,0
2025,1,"58 degrees, relative humidity 61%, wind 8 mph",Baltimore Ravens,Buffalo Bills,Ty Johnson,BUF,Baltimore Ravens,away,41,40,RB,2,2.5974025974025974,0,0,0,0,0,0,2,24,0,2,0,0,0,0
2025,1,"85 degrees, relative humidity 71%, wind 3 mph",Carolina Panthers,Jacksonville Jaguars,Bryce Young,CAR,Carolina Panthers,away,26,10,QB,40,66.66666666666666,18,35,154,1,2,1,5,40,0,0,0,0,0,1
2025,1,"85 degrees, relative humidity 71%, wind 3 mph",Carolina Panthers,Jacksonville Jaguars,Chuba Hubbard,CAR,Carolina Panthers,away,26,10,RB,16,26.666666666666668,0,0,0,0,0,0,16,57,0,5,3,32,1,0
2025,1,"85 degrees, relative humidity 71%, wind 3 mph",Carolina Panthers,Jacksonville Jaguars,Hunter Renfrow,CAR,Carolina Panthers,away,26,10,WR,0,0.0,0,0,0,0,0,0,0,0,0,6,2,11,0,0
2025,1,"85 degrees, relative humidity 71%, wind 3 mph",Carolina Panthers,Jacksonville Jaguars,Ja'Tavion Sanders,CAR,Carolina Panthers,away,26,10,TE,0,0.0,0,0,0,0,0,0,0,0,0,3,2,27,0,0
2025,1,"85 degrees, relative humidity 71%, wind 3 mph",Carolina Panthers,Jacksonville Jaguars,Rico Dowdle,CAR,Carolina Panthers,away,26,10,RB,3,5.0,0,0,0,0,0,0,3,12,0,3,2,4,0,0
2025,1,"85 degrees, relative humidity 71%, wind 3 mph",Carolina Panthers,Jacksonville Jaguars,Tetairoa McMillan,CAR,Carolina Panthers,away,26,10,WR,0,0.0,0,0,0,0,0,0,0,0,0,9,5,68,0,0
2025,1,"85 degrees, relative humidity 71%, wind 3 mph",Carolina Panthers,Jacksonville Jaguars,Tommy Tremble,CAR,Carolina Panthers,away,26,10,TE,0,0.0,0,0,0,0,0,0,0,0,0,1,1,2,0,0
2025,1,"85 degrees, relative humidity 71%, wind 3 mph",Carolina Panthers,Jacksonville Jaguars,Trevor Etienne,CAR,Carolina Panthers,away,26,10,RB,1,1.6666666666666667,0,0,0,0,0,0,1,4,0,0,0,0,0,0
2025,1,"85 degrees, relative humidity 71%, wind 3 mph",Carolina Panthers,Jacksonville Jaguars,Xavier Legette,CAR,Carolina Panthers,away,26,10,WR,0,0.0,0,0,0,0,0,0,0,0,0,7,3,10,0,0
2025,1,"68 degrees, relative humidity 38%, wind 6 mph",Chicago Bears,Minnesota Vikings,Caleb Williams,CHI,Chicago Bears,away,27,24,QB,41,67.21311475409836,21,35,210,1,0,2,6,58,1,0,0,0,0,0
2025,1,"68 degrees, relative humidity 38%, wind 6 mph",Chicago Bears,Minnesota Vikings,Cole Kmet,CHI,Chicago Bears,away,27,24,TE,0,0.0,0,0,0,0,0,0,0,0,0,4,1,31,0,0
2025,1,"68 degrees, relative humidity 38%, wind 6 mph",Chicago Bears,Minnesota Vikings,Colston Loveland,CHI,Chicago Bears,away,27,24,TE,0,0.0,0,0,0,0,0,0,0,0,0,2,2,12,0,0
2025,1,"68 degrees, relative humidity 38%, wind 6 mph",Chicago Bears,Minnesota Vikings,D'Andre Swift,CHI,Chicago Bears,away,27,24,RB,17,27.86885245901639,0,0,0,0,0,0,17,53,0,5,3,12,0,0
2025,1,"68 degrees, relative humidity 38%, wind 6 mph",Chicago Bears,Minnesota Vikings,D.J. Moore,CHI,Chicago Bears,away,27,24,WR,3,4.918032786885246,0,0,0,0,0,0,3,8,0,5,3,68,0,1
2025,1,"68 degrees, relative humidity 38%, wind 6 mph",Chicago Bears,Minnesota Vikings,Kyle Monangai,CHI,Chicago Bears,away,27,24,RB,0,0.0,0,0,0,0,0,0,0,0,0,1,1,11,0,0
2025,1,"68 degrees, relative humidity 38%, wind 6 mph",Chicago Bears,Minnesota Vikings,Luther Burden,CHI,Chicago Bears,away,27,24,WR,0,0.0,0,0,0,0,0,0,0,0,0,1,1,-3,0,0
2025,1,"68 degrees, relative humidity 38%, wind 6 mph",Chicago Bears,Minnesota Vikings,Olamide Zaccheaus,CHI,Chicago Bears,away,27,24,WR,0,0.0,0,0,0,0,0,0,0,0,0,7,4,42,0,0
2025,1,"68 degrees, relative humidity 38%, wind 6 mph",Chicago Bears,Minnesota Vikings,Rome Odunze,CHI,Chicago Bears,away,27,24,WR,0,0.0,0,0,0,0,0,0,0,0,0,9,6,37,1,0
2025,1,"63 degrees, relative humidity 49%, wind 10 mph",Cleveland Browns,Cincinnati Bengals,Chase Brown,CIN,Cleveland Browns,away,17,16,HB,21,45.65217391304348,0,0,0,0,0,0,21,43,1,3,2,8,0,0
2025,1,"63 degrees, relative humidity 49%, wind 10 mph",Cleveland Browns,Cincinnati Bengals,Drew Sample,CIN,Cleveland Browns,away,17,16,TE,0,0.0,0,0,0,0,0,0,0,0,0,1,0,0,0,0
2025,1,"63 degrees, relative humidity 49%, wind 10 mph",Cleveland Browns,Cincinnati Bengals,Ja'Marr Chase,CIN,Cleveland Browns,away,17,16,WR,0,0.0,0,0,0,0,0,0,0,0,0,5,2,26,0,0
2025,1,"63 degrees, relative humidity 49%, wind 10 mph",Cleveland Browns,Cincinnati Bengals,Joe Burrow,CIN,Cleveland Browns,away,17,16,QB,25,54.347826086956516,14,23,113,1,0,3,2,3,0,0,0,0,0,0
2025,1,"63 degrees, relative humidity 49%, wind 10 mph",Cleveland Browns,Cincinnati Bengals,Mike Gesicki,CIN,Cleveland Browns,away,17,16,TE,0,0.0,0,0,0,0,0,0,0,0,0,3,1,14,0,0
2025,1,"63 degrees, relative humidity 49%, wind 10 mph",Cleveland Browns,Cincinnati Bengals,Noah Fant,CIN,Cleveland Browns,away,17,16,TE,0,0.0,0,0,0,0,0,0,0,0,0,5,4,26,1,0
2025,1,"63 degrees, relative humidity 49%, wind 10 mph",Cleveland Browns,Cincinnati Bengals,Samaje Perine,CIN,Cleveland Browns,away,17,16,HB,0,0.0,0,0,0,0,0,0,0,0,0,2,2,6,0,0
2025,1,"63 degrees, relative humidity 49%, wind 10 mph",Cleveland Browns,Cincinnati Bengals,Tee Higgins,CIN,Cleveland Browns,away,17,16,WR,0,0.0,0,0,0,0,0,0,0,0,0,4,3,33,0,0
2025,1,"63 degrees, relative humidity 49%, wind 10 mph",Cleveland Browns,Cincinnati Bengals,Cedric Tillman,CLE,Cleveland Browns,away,17,16,WR,0,0.0,0,0,0,0,0,0,0,0,0,8,5,52,1,0
2025,1,"63 degrees, relative humidity 49%, wind 10 mph",Cleveland Browns,Cincinnati Bengals,David Njoku,CLE,Cleveland Browns,away,17,16,TE,0,0.0,0,0,0,0,0,0,0,0,0,6,3,37,0,0
2025,1,"63 degrees, relative humidity 49%, wind 10 mph",Cleveland Browns,Cincinnati Bengals,Dylan Sampson,CLE,Cleveland Browns,away,17,16,RB,12,17.391304347826086,0,0,0,0,0,0,12,29,0,8,8,64,0,0
2025,1,"63 degrees, relative humidity 49%, wind 10 mph",Cleveland Browns,Cincinnati Bengals,Harold Fannin,CLE,Cleveland Browns,away,17,16,TE,1,1.4492753623188406,0,0,0,0,0,0,1,3,0,9,7,63,0,0
2025,1,"63 degrees, relative humidity 49%, wind 10 mph",Cleveland Browns,Cincinnati Bengals,Isaiah Bond,CLE,Cleveland Browns,away,17,16,WR,0,0.0,0,0,0,0,0,0,0,0,0,1,1,5,0,0
2025,1,"63 degrees, relative humidity 49%, wind 10 mph",Cleveland Browns,Cincinnati Bengals,Jamari Thrash,CLE,Cleveland Browns,away,17,16,WR,0,0.0,0,0,0,0,0,0,0,0,0,1,1,6,0,0
2025,1,"63 degrees, relative humidity 49%, wind 10 mph",Cleveland Browns,Cincinnati Bengals,Jerome Ford,CLE,Cleveland Browns,away,17,16,RB,6,8.695652173913043,0,0,0,0,0,0,6,8,0,1,1,-3,0,0
2025,1,"63 degrees, relative humidity 49%, wind 10 mph",Cleveland Browns,Cincinnati Bengals,Jerry Jeudy,CLE,Cleveland Browns,away,17,16,WR,0,0.0,0,0,0,0,0,0,0,0,0,8,5,66,0,0
2025,1,"63 degrees, relative humidity 49%, wind 10 mph",Cleveland Browns,Cincinnati Bengals,Joe Flacco,CLE,Cleveland Browns,away,17,16,QB,47,68.11594202898551,31,45,290,1,2,2,2,6,0,0,0,0,0,0
2025,1,"63 degrees, relative humidity 49%, wind 10 mph",Cleveland Browns,Cincinnati Bengals,Raheim Sanders,CLE,Cleveland Browns,away,17,16,RB,3,4.3478260869565215,0,0,0,0,0,0,3,3,1,0,0,0,0,0
2025,1,"75 degrees, relative humidity 66%, wind 11 mph",Dallas Cowboys,Philadelphia Eagles,Brevyn Spann-Ford,DAL,Dallas Cowboys,away,24,20,TE,0,0.0,0,0,0,0,0,0,0,0,0,1,0,0,0,0
2025,1,"75 degrees, relative humidity 66%, wind 11 mph",Dallas Cowboys,Philadelphia Eagles,CeeDee Lamb,DAL,Dallas Cowboys,away,24,20,WR,0,0.0,0,0,0,0,0,0,0,0,0,13,7,110,0,0
2025,1,"75 degrees, relative humidity 66%, wind 11 mph",Dallas Cowboys,Philadelphia Eagles,Dak Prescott,DAL,Dallas Cowboys,away,24,20,QB,35,62.5,21,34,188,0,0,0,1,3,0,0,0,0,0,0
2025,1,"75 degrees, relative humidity 66%, wind 11 mph",Dallas Cowboys,Philadelphia Eagles,George Pickens,DAL,Dallas Cowboys,away,24,20,WR,0,0.0,0,0,0,0,0,0,0,0,0,4,3,30,0,0
2025,1,"75 degrees, relative humidity 66%, wind 11 mph",Dallas Cowboys,Philadelphia Eagles,Jake Ferguson,DAL,Dallas Cowboys,away,24,20,TE,0,0.0,0,0,0,0,0,0,0,0,0,6,5,23,0,0
2025,1,"75 degrees, relative humidity 66%, wind 11 mph",Dallas Cowboys,Philadelphia Eagles,Jalen Tolbert,DAL,Dallas Cowboys,away,24,20,WR,0,0.0,0,0,0,0,0,0,0,0,0,2,1,0,0,0
2025,1,"75 degrees, relative humidity 66%, wind 11 mph",Dallas Cowboys,Philadelphia Eagles,Javonte Williams,DAL,Dallas Cowboys,away,24,20,RB,15,26.785714285714285,0,0,0,0,0,0,15,54,2,3,2,10,0,0
2025,1,"75 degrees, relative humidity 66%, wind 11 mph",Dallas Cowboys,Philadelphia Eagles,KaVontae Turpin,DAL,Dallas Cowboys,away,24,20,WR,2,3.571428571428571,0,0,0,0,0,0,2,9,0,2,2,18,0,0
2025,1,"75 degrees, relative humidity 66%, wind 11 mph",Dallas Cowboys,Philadelphia Eagles,Luke Schoonmaker,DAL,Dallas Cowboys,away,24,20,TE,0,0.0,0,0,0,0,0,0,0,0,0,1,0,0,0,0
2025,1,"75 degrees, relative humidity 66%, wind 11 mph",Dallas Cowboys,Philadelphia Eagles,Miles Sanders,DAL,Dallas Cowboys,away,24,20,RB,4,7.142857142857142,0,0,0,0,0,0,4,53,0,1,1,-3,0,1
2025,1,"84 degrees, relative humidity 24%, wind 6 mph",Tennessee Titans,Denver Broncos,Adam Prentice,DEN,Tennessee Titans,away,20,12,FB,0,0.0,0,0,0,0,0,0,0,0,0,1,1,4,0,0
2025,1,"84 degrees, relative humidity 24%, wind 6 mph",Tennessee Titans,Denver Broncos,Adam Trautman,DEN,Tennessee Titans,away,20,12,TE,0,0.0,0,0,0,0,0,0,0,0,0,1,1,5,0,0
2025,1,"84 degrees, relative humidity 24%, wind 6 mph",Tennessee Titans,Denver Broncos,Bo Nix,DEN,Tennessee Titans,away,20,12,QB,48,68.57142857142857,25,40,176,1,2,1,8,18,0,0,0,0,0,1
2025,1,"84 degrees, relative humidity 24%, wind 6 mph",Tennessee Titans,Denver Broncos,Courtland Sutton,DEN,Tennessee Titans,away,20,12,WR,0,0.0,0,0,0,0,0,0,0,0,0,9,6,61,1,0
2025,1,"84 degrees, relative humidity 24%, wind 6 mph",Tennessee Titans,Denver Broncos,Evan Engram,DEN,Tennessee Titans,away,20,12,TE,0,0.0,0,0,0,0,0,0,0,0,0,4,3,21,0,0
2025,1,"84 degrees, relative humidity 24%, wind 6 mph",Tennessee Titans,Denver Broncos,J.K. Dobbins,DEN,Tennessee Titans,away,20,12,RB,16,22.857142857142858,0,0,0,0,0,0,16,63,1,2,2,5,0,0
2025,1,"84 degrees, relative humidity 24%, wind 6 mph",Tennessee Titans,Denver Broncos,Lucas Krull,DEN,Tennessee Titans,away,20,12,TE,0,0.0,0,0,0,0,0,0,0,0,0,2,1,6,0,0
2025,1,"84 degrees, relative humidity 24%, wind 6 mph",Tennessee Titans,Denver Broncos,Marvin Mims,DEN,Tennessee Titans,away,20,12,WR,0,0.0,0,0,0,0,0,0,0,0,0,4,3,12,0,1
2025,1,"84 degrees, relative humidity 24%, wind 6 mph",Tennessee Titans,Denver Broncos,RJ Harvey,DEN,Tennessee Titans,away,20,12,RB,6,8.571428571428571,0,0,0,0,0,0,6,70,0,1,1,-1,0,0
2025,1,"84 degrees, relative humidity 24%, wind 6 mph",Tennessee Titans,Denver Broncos,Trent Sherfield,DEN,Tennessee Titans,away,20,12,WR,0,0.0,0,0,0,0,0,0,0,0,0,1,1,3,0,0
2025,1,"84 degrees, relative humidity 24%, wind 6 mph",Tennessee Titans,Denver Broncos,Troy Franklin,DEN,Tennessee Titans,away,20,12,WR,0,0.0,0,0,0,0,0,0,0,0,0,6,4,44,0,0
2025,1,"84 degrees, relative humidity 24%, wind 6 mph",Tennessee Titans,Denver Broncos,Tyler Badie,DEN,Tennessee Titans,away,20,12,RB,0,0.0,0,0,0,0,0,0,0,0,0,6,2,16,0,0
2025,1,"60 degrees, relative humidity 76%, wind 5 mph",Detroit Lions,Green Bay Packers,Amon-Ra St. Brown,DET,Detroit Lions,away,27,13,WR,0,0.0,0,0,0,0,0,0,0,0,0,6,4,45,0,0
2025,1,"60 degrees, relative humidity 76%, wind 5 mph",Detroit Lions,Green Bay Packers,David Montgomery,DET,Detroit Lions,away,27,13,RB,11,18.0327868852459,0,0,0,0,0,0,11,25,0,4,4,18,0,0
2025,1,"60 degrees, relative humidity 76%, wind 5 mph",Detroit Lions,Green Bay Packers,Isaac TeSlaa,DET,Detroit Lions,away,27,13,WR,0,0.0,0,0,0,0,0,0,0,0,0,1,1,13,1,0
2025,1,"60 degrees, relative humidity 76%, wind 5 mph",Detroit Lions,Green Bay Packers,Jahmyr Gibbs,DET,Detroit Lions,away,27,13,RB,9,14.754098360655737,0,0,0,0,0,0,9,19,0,10,10,31,0,0
2025,1,"60 degrees, relative humidity 76%, wind 5 mph",Detroit Lions,Green Bay Packers,Jameson Williams,DET,Detroit Lions,away,27,13,WR,1,1.639344262295082,0,0,0,0,0,0,1,3,0,5,4,23,0,0
2025,1,"60 degrees, relative humidity 76%, wind 5 mph",Detroit Lions,Green Bay Packers,Jared Goff,DET,Detroit Lions,away,27,13,QB,40,65.57377049180327,31,39,225,1,1,4,1,-1,0,0,0,0,0,0
2025,1,"60 degrees, relative humidity 76%, wind 5 mph",Detroit Lions,Green Bay Packers,Kalif Raymond,DET,Detroit Lions,away,27,13,WR,0,0.0,0,0,0,0,0,0,0,0,0,3,2,16,0,0
2025,1,"60 degrees, relative humidity 76%, wind 5 mph",Detroit Lions,Green Bay Packers,Sam LaPorta,DET,Detroit Lions,away,27,13,TE,0,0.0,0,0,0,0,0,0,0,0,0,9,6,79,0,0
2025,1,"60 degrees, relative humidity 76%, wind 5 mph",Detroit Lions,Green Bay Packers,Chris Brooks,GNB,Detroit Lions,away,27,13,RB,1,2.127659574468085,0,0,0,0,0,0,1,1,0,1,1,2,0,0
2025,1,"60 degrees, relative humidity 76%, wind 5 mph",Detroit Lions,Green Bay Packers,Dontayvion Wicks,GNB,Detroit Lions,away,27,13,WR,0,0.0,0,0,0,0,0,0,0,0,0,2,2,30,0,0
2025,1,"60 degrees, relative humidity 76%, wind 5 mph",Detroit Lions,Green Bay Packers,Emanuel Wilson,GNB,Detroit Lions,away,27,13,RB,1,2.127659574468085,0,0,0,0,0,0,1,4,0,0,0,0,0,0
2025,1,"60 degrees, relative humidity 76%, wind 5 mph",Detroit Lions,Green Bay Packers,Jayden Reed,GNB,Detroit Lions,away,27,13,WR,0,0.0,0,0,0,0,0,0,0,0,0,5,3,45,1,0
2025,1,"60 degrees, relative humidity 76%, wind 5 mph",Detroit Lions,Green Bay Packers,John FitzPatrick,GNB,Detroit Lions,away,27,13,TE,0,0.0,0,0,0,0,0,0,0,0,0,1,1,2,0,0
2025,1,"60 degrees, relative humidity 76%, wind 5 mph",Detroit Lions,Green Bay Packers,Jordan Love,GNB,Detroit Lions,away,27,13,QB,25,53.191489361702125,16,22,188,2,0,0,3,4,0,0,0,0,0,0
2025,1,"60 degrees, relative humidity 76%, wind 5 mph",Detroit Lions,Green Bay Packers,Josh Jacobs,GNB,Detroit Lions,away,27,13,RB,19,40.42553191489361,0,0,0,0,0,0,19,66,1,1,1,4,0,0
2025,1,"60 degrees, relative humidity 76%, wind 5 mph",Detroit Lions,Green Bay Packers,Luke Musgrave,GNB,Detroit Lions,away,27,13,TE,0,0.0,0,0,0,0,0,0,0,0,0,1,1,4,0,0
2025,1,"60 degrees, relative humidity 76%, wind 5 mph",Detroit Lions,Green Bay Packers,Matthew Golden,GNB,Detroit Lions,away,27,13,WR,0,0.0,0,0,0,0,0,0,0,0,0,2,2,16,0,0
2025,1,"60 degrees, relative humidity 76%, wind 5 mph",Detroit Lions,Green Bay Packers,Romeo Doubs,GNB,Detroit Lions,away,27,13,WR,0,0.0,0,0,0,0,0,0,0,0,0,4,2,68,0,0
2025,1,"60 degrees, relative humidity 76%, wind 5 mph",Detroit Lions,Green Bay Packers,Savion Williams,GNB,Detroit Lions,away,27,13,WR,0,0.0,0,0,0,0,0,0,0,0,0,1,1,1,0,0
2025,1,"60 degrees, relative humidity 76%, wind 5 mph",Detroit Lions,Green Bay Packers,Tucker Kraft,GNB,Detroit Lions,away,27,13,TE,1,2.127659574468085,0,0,0,0,0,0,1,3,0,4,2,16,1,0
2025,1,,Houston Texans,Los Angeles Rams,C.J. Stroud,HOU,Houston Texans,away,14,9,QB,32,59.25925925925925,19,27,188,0,1,3,5,32,0,0,0,0,0,0
2025,1,,Houston Texans,Los Angeles Rams,Cade Stover,HOU,Houston Texans,away,14,9,TE,0,0.0,0,0,0,0,0,0,0,0,0,4,4,22,0,0
2025,1,,Houston Texans,Los Angeles Rams,Dalton Schultz,HOU,Houston Texans,away,14,9,TE,0,0.0,0,0,0,0,0,0,0,0,0,5,3,28,0,0
2025,1,,Houston Texans,Los Angeles Rams,Dameon Pierce,HOU,Houston Texans,away,14,9,RB,3,5.555555555555555,0,0,0,0,0,0,3,5,0,1,0,0,0,0
2025,1,,Houston Texans,Los Angeles Rams,Dare Ogunbowale,HOU,Houston Texans,away,14,9,RB,2,3.7037037037037033,0,0,0,0,0,0,2,9,0,2,2,17,0,1
2025,1,,Houston Texans,Los Angeles Rams,Jayden Higgins,HOU,Houston Texans,away,14,9,WR,0,0.0,0,0,0,0,0,0,0,0,0,3,2,32,0,0
2025,1,,Houston Texans,Los Angeles Rams,Jaylin Noel,HOU,Houston Texans,away,14,9,WR,0,0.0,0,0,0,0,0,0,0,0,0,2,1,7,0,0
2025,1,,Houston Texans,Los Angeles Rams,Justin Watson,HOU,Houston Texans,away,14,9,WR,0,0.0,0,0,0,0,0,0,0,0,0,2,2,27,0,0
2025,1,,Houston Texans,Los Angeles Rams,Nick Chubb,HOU,Houston Texans,away,14,9,RB,13,24.074074074074073,0,0,0,0,0,0,13,60,0,1,0,0,0,0
2025,1,,Houston Texans,Los Angeles Rams,Nico Collins,HOU,Houston Texans,away,14,9,WR,0,0.0,0,0,0,0,0,0,0,0,0,5,3,25,0,0
2025,1,,Houston Texans,Los Angeles Rams,Woody Marks,HOU,Houston Texans,away,14,9,RB,3,5.555555555555555,0,0,0,0,0,0,3,3,0,0,0,0,0,0
2025,1,,Houston Texans,Los Angeles Rams,Xavier Hutchinson,HOU,Houston Texans,away,14,9,WR,1,1.8518518518518516,0,0,0,0,0,0,1,5,0,2,2,30,0,0
2025,1,,Miami Dolphins,Indianapolis Colts,Adonai Mitchell,IND,Miami Dolphins,away,33,8,WR,0,0.0,0,0,0,0,0,0,0,0,0,2,2,21,0,0
2025,1,,Miami Dolphins,Indianapolis Colts,Alec Pierce,IND,Miami Dolphins,away,33,8,WR,0,0.0,0,0,0,0,0,0,0,0,0,3,1,36,0,0
2025,1,,Miami Dolphins,Indianapolis Colts,Ashton Dulin,IND,Miami Dolphins,away,33,8,WR,1,1.4492753623188406,0,0,0,0,0,0,1,15,0,0,0,0,0,0
2025,1,,Miami Dolphins,Indianapolis Colts,DJ Giddens,IND,Miami Dolphins,away,33,8,RB,12,17.391304347826086,0,0,0,0,0,0,12,41,0,0,0,0,0,0
2025,1,,Miami Dolphins,Indianapolis Colts,Daniel Jones,IND,Miami Dolphins,away,33,8,QB,36,52.17391304347826,22,29,272,1,0,1,7,26,2,0,0,0,0,0
2025,1,,Miami Dolphins,Indianapolis Colts,Jonathan Taylor,IND,Miami Dolphins,away,33,8,RB,18,26.08695652173913,0,0,0,0,0,0,18,71,0,3,3,27,0,0
2025,1,,Miami Dolphins,Indianapolis Colts,Josh Downs,IND,Miami Dolphins,away,33,8,WR,0,0.0,0,0,0,0,0,0,0,0,0,3,2,12,0,0
2025,1,,Miami Dolphins,Indianapolis Colts,Michael Pittman Jr.,IND,Miami Dolphins,away,33,8,WR,0,0.0,0,0,0,0,0,0,0,0,0,8,6,80,1,0
2025,1,,Miami Dolphins,Indianapolis Colts,Mo Alie-Cox,IND,Miami Dolphins,away,33,8,TE,0,0.0,0,0,0,0,0,0,0,0,0,1,1,20,0,0
2025,1,,Miami Dolphins,Indianapolis Colts,Tyler Warren,IND,Miami Dolphins,away,33,8,TE,1,1.4492753623188406,0,0,0,0,0,0,1,3,0,9,7,76,0,0
2025,1,,Miami Dolphins,Indianapolis Colts,Ulysses Bentley,IND,Miami Dolphins,away,33,8,RB,1,1.4492753623188406,0,0,0,0,0,0,1,0,0,0,0,0,0,0
2025,1,"85 degrees, relative humidity 71%, wind 3 mph",Carolina Panthers,Jacksonville Jaguars,Bhayshul Tuten,JAX,Carolina Panthers,away,26,10,RB,3,4.761904761904762,0,0,0,0,0,0,3,11,0,0,0,0,0,0
2025,1,"85 degrees, relative humidity 71%, wind 3 mph",Carolina Panthers,Jacksonville Jaguars,Brenton Strange,JAX,Carolina Panthers,away,26,10,TE,0,0.0,0,0,0,0,0,0,0,0,0,4,4,59,0,0
2025,1,"85 degrees, relative humidity 71%, wind 3 mph",Carolina Panthers,Jacksonville Jaguars,Brian Thomas,JAX,Carolina Panthers,away,26,10,WR,1,1.5873015873015872,0,0,0,0,0,0,1,9,1,7,1,11,0,0
2025,1,"85 degrees, relative humidity 71%, wind 3 mph",Carolina Panthers,Jacksonville Jaguars,Dyami Brown,JAX,Carolina Panthers,away,26,10,WR,2,3.1746031746031744,0,0,0,0,0,0,2,6,0,4,3,52,0,0
2025,1,"85 degrees, relative humidity 71%, wind 3 mph",Carolina Panthers,Jacksonville Jaguars,Hunter Long,JAX,Carolina Panthers,away,26,10,TE,0,0.0,0,0,0,0,0,0,0,0,0,1,1,6,1,0
2025,1,"85 degrees, relative humidity 71%, wind 3 mph",Carolina Panthers,Jacksonville Jaguars,Johnny Mundt,JAX,Carolina Panthers,away,26,10,TE,0,0.0,0,0,0,0,0,0,0,0,0,1,0,0,0,0
2025,1,"85 degrees, relative humidity 71%, wind 3 mph",Carolina Panthers,Jacksonville Jaguars,LeQuint Allen,JAX,Carolina Panthers,away,26,10,RB,1,1.5873015873015872,0,0,0,0,0,0,1,7,0,1,1,4,0,0
2025,1,"85 degrees, relative humidity 71%, wind 3 mph",Carolina Panthers,Jacksonville Jaguars,Tank Bigsby,JAX,Carolina Panthers,away,26,10,RB,5,7.936507936507936,0,0,0,0,0,0,5,12,0,0,0,0,0,0
2025,1,"85 degrees, relative humidity 71%, wind 3 mph",Carolina Panthers,Jacksonville Jaguars,Travis Etienne,JAX,Carolina Panthers,away,26,10,RB,16,25.396825396825395,0,0,0,0,0,0,16,143,0,3,3,13,0,0
2025,1,"85 degrees, relative humidity 71%, wind 3 mph",Carolina Panthers,Jacksonville Jaguars,Travis Hunter,JAX,Carolina Panthers,away,26,10,WR,0,0.0,0,0,0,0,0,0,0,0,0,8,6,33,0,0
2025,1,"85 degrees, relative humidity 71%, wind 3 mph",Carolina Panthers,Jacksonville Jaguars,Trevor Lawrence,JAX,Carolina Panthers,away,26,10,QB,35,55.55555555555556,19,31,178,1,1,0,4,12,0,0,0,0,0,0
2025,1,,Kansas City Chiefs,Los Angeles Chargers,Isiah Pacheco,KAN,Kansas City Chiefs,away,27,21,RB,5,8.928571428571429,0,0,0,0,0,0,5,25,0,3,2,3,0,0
2025,1,,Kansas City Chiefs,Los Angeles Chargers,Jason Brownlee,KAN,Kansas City Chiefs,away,27,21,WR,0,0.0,0,0,0,0,0,0,0,0,0,1,0,0,0,0
2025,1,,Kansas City Chiefs,Los Angeles Chargers,JuJu Smith-Schuster,KAN,Kansas City Chiefs,away,27,21,WR,0,0.0,0,0,0,0,0,0,0,0,0,5,5,55,0,0
2025,1,,Kansas City Chiefs,Los Angeles Chargers,Kareem Hunt,KAN,Kansas City Chiefs,away,27,21,RB,5,8.928571428571429,0,0,0,0,0,0,5,16,0,3,2,10,0,0
2025,1,,Kansas City Chiefs,Los Angeles Chargers,Marquise Brown,KAN,Kansas City Chiefs,away,27,21,WR,0,0.0,0,0,0,0,0,0,0,0,0,16,10,99,0,0
2025,1,,Kansas City Chiefs,Los Angeles Chargers,Noah Gray,KAN,Kansas City Chiefs,away,27,21,TE,0,0.0,0,0,0,0,0,0,0,0,0,1,1,3,0,0
2025,1,,Kansas City Chiefs,Los Angeles Chargers,Patrick Mahomes,KAN,Kansas City Chiefs,away,27,21,QB,45,80.35714285714286,24,39,258,1,0,2,6,57,1,0,0,0,0,0
2025,1,,Kansas City Chiefs,Los Angeles Chargers,Travis Kelce,KAN,Kansas City Chiefs,away,27,21,TE,0,0.0,0,0,0,0,0,0,0,0,0,4,2,47,1,0
2025,1,,Kansas City Chiefs,Los Angeles Chargers,Tyquan Thornton,KAN,Kansas City Chiefs,away,27,21,WR,0,0.0,0,0,0,0,0,0,0,0,0,4,2,41,0,0
2025,1,,Kansas City Chiefs,Los Angeles Chargers,Xavier Worthy,KAN,Kansas City Chiefs,away,27,21,WR,1,1.7857142857142856,0,0,0,0,0,0,1,0,0,1,0,0,0,0
2025,1,,Kansas City Chiefs,Los Angeles Chargers,Derius Davis,LAC,Kansas City Chiefs,away,27,21,WR,1,1.694915254237288,0,0,0,0,0,0,1,3,0,0,0,0,0,0
2025,1,,Kansas City Chiefs,Los Angeles Chargers,Justin Herbert,LAC,Kansas City Chiefs,away,27,21,QB,41,69.49152542372882,25,34,318,3,0,3,7,32,0,0,0,0,0,0
2025,1,,Kansas City Chiefs,Los Angeles Chargers,KeAndre Lambert-Smith,LAC,Kansas City Chiefs,away,27,21,WR,0,0.0,0,0,0,0,0,0,0,0,0,1,0,0,0,0
2025,1,,Kansas City Chiefs,Los Angeles Chargers,Keenan Allen,LAC,Kansas City Chiefs,away,27,21,WR,0,0.0,0,0,0,0,0,0,0,0,0,10,7,68,1,0
2025,1,,Kansas City Chiefs,Los Angeles Chargers,Ladd McConkey,LAC,Kansas City Chiefs,away,27,21,WR,0,0.0,0,0,0,0,0,0,0,0,0,9,6,74,0,0
2025,1,,Kansas City Chiefs,Los Angeles Chargers,Najee Harris,LAC,Kansas City Chiefs,away,27,21,RB,1,1.694915254237288,0,0,0,0,0,0,1,5,0,1,1,5,0,0
2025,1,,Kansas City Chiefs,Los Angeles Chargers,Omarion Hampton,LAC,Kansas City Chiefs,away,27,21,RB,15,25.423728813559322,0,0,0,0,0,0,15,48,0,2,2,13,0,0
2025,1,,Kansas City Chiefs,Los Angeles Chargers,Quentin Johnston,LAC,Kansas City Chiefs,away,27,21,WR,0,0.0,0,0,0,0,0,0,0,0,0,7,5,79,2,0
2025,1,,Kansas City Chiefs,Los Angeles Chargers,Tre Harris,LAC,Kansas City Chiefs,away,27,21,WR,0,0.0,0,0,0,0,0,0,0,0,0,1,1,11,0,0
2025,1,,Kansas City Chiefs,Los Angeles Chargers,Tyler Conklin,LAC,Kansas City Chiefs,away,27,21,TE,1,1.694915254237288,0,0,0,0,0,0,1,2,0,2,2,50,0,1
2025,1,,Kansas City Chiefs,Los Angeles Chargers,Will Dissly,LAC,Kansas City Chiefs,away,27,21,TE,0,0.0,0,0,0,0,0,0,0,0,0,1,1,18,0,0
2025,1,,Houston Texans,Los Angeles Rams,Blake Corum,LAR,Houston Texans,away,14,9,RB,1,1.8518518518518516,0,0,0,0,0,0,1,2,0,1,1,14,0,0
2025,1,,Houston Texans,Los Angeles Rams,Colby Parkinson,LAR,Houston Texans,away,14,9,TE,0,0.0,0,0,0,0,0,0,0,0,0,2,2,-6,0,1
2025,1,,Houston Texans,Los Angeles Rams,Davante Adams,LAR,Houston Texans,away,14,9,WR,0,0.0,0,0,0,0,0,0,0,0,0,8,4,51,0,0
2025,1,,Houston Texans,Los Angeles Rams,Davis Allen,LAR,Houston Texans,away,14,9,TE,0,0.0,0,0,0,0,0,0,0,0,0,2,1,13,1,0
2025,1,,Houston Texans,Los Angeles Rams,Jordan Whittington,LAR,Houston Texans,away,14,9,WR,1,1.8518518518518516,0,0,0,0,0,0,1,5,0,0,0,0,0,0
2025,1,,Houston Texans,Los Angeles Rams,Kyren Williams,LAR,Houston Texans,away,14,9,RB,18,33.33333333333333,0,0,0,0,0,0,18,66,1,2,1,3,0,0
2025,1,,Houston Texans,Los Angeles Rams,Matthew Stafford,LAR,Houston Texans,away,14,9,QB,33,61.111111111111114,21,29,245,1,0,3,4,-2,0,0,0,0,0,1
2025,1,,Houston Texans,Los Angeles Rams,Puka Nacua,LAR,Houston Texans,away,14,9,WR,1,1.8518518518518516,0,0,0,0,0,0,1,1,0,11,10,130,0,0
2025,1,,Houston Texans,Los Angeles Rams,Tutu Atwell,LAR,Houston Texans,away,14,9,WR,0,0.0,0,0,0,0,0,0,0,0,0,1,1,4,0,0
2025,1,,Houston Texans,Los Angeles Rams,Xavier Smith,LAR,Houston Texans,away,14,9,WR,0,0.0,0,0,0,0,0,0,0,0,0,1,1,36,0,0
2025,1,"62 degrees, relative humidity 86%, wind 4 mph",New England Patriots,Las Vegas Raiders,Alex Bachman,LVR,New England Patriots,away,20,13,WR,0,0.0,0,0,0,0,0,0,0,0,0,1,0,0,0,0
2025,1,"62 degrees, relative humidity 86%, wind 4 mph",New England Patriots,Las Vegas Raiders,Ashton Jeanty,LVR,New England Patriots,away,20,13,RB,19,32.758620689655174,0,0,0,0,0,0,19,38,1,2,2,2,0,0
2025,1,"62 degrees, relative humidity 86%, wind 4 mph",New England Patriots,Las Vegas Raiders,Brock Bowers,LVR,New England Patriots,away,20,13,TE,0,0.0,0,0,0,0,0,0,0,0,0,8,5,103,0,0
2025,1,"62 degrees, relative humidity 86%, wind 4 mph",New England Patriots,Las Vegas Raiders,Dont'e Thornton,LVR,New England Patriots,away,20,13,WR,0,0.0,0,0,0,0,0,0,0,0,0,4,2,45,0,0
2025,1,"62 degrees, relative humidity 86%, wind 4 mph",New England Patriots,Las Vegas Raiders,Geno Smith,LVR,New England Patriots,away,20,13,QB,36,62.06896551724138,24,34,362,1,1,4,2,10,0,0,0,0,0,0
2025,1,"62 degrees, relative humidity 86%, wind 4 mph",New England Patriots,Las Vegas Raiders,Jack Bech,LVR,New England Patriots,away,20,13,WR,0,0.0,0,0,0,0,0,0,0,0,0,1,1,23,0,0
2025,1,"62 degrees, relative humidity 86%, wind 4 mph",New England Patriots,Las Vegas Raiders,Jakobi Meyers,LVR,New England Patriots,away,20,13,WR,0,0.0,0,0,0,0,0,0,0,0,0,10,8,97,0,0
2025,1,"62 degrees, relative humidity 86%, wind 4 mph",New England Patriots,Las Vegas Raiders,Michael Mayer,LVR,New England Patriots,away,20,13,TE,0,0.0,0,0,0,0,0,0,0,0,0,4,4,38,0,0
2025,1,"62 degrees, relative humidity 86%, wind 4 mph",New England Patriots,Las Vegas Raiders,Tre Tucker,LVR,New England Patriots,away,20,13,WR,0,0.0,0,0,0,0,0,0,0,0,0,3,2,54,1,0
2025,1,"62 degrees, relative humidity 86%, wind 4 mph",New England Patriots,Las Vegas Raiders,Zamir White,LVR,New England Patriots,away,20,13,RB,3,5.172413793103448,0,0,0,0,0,0,3,8,0,0,0,0,0,0
2025,1,,Miami Dolphins,Indianapolis Colts,Alec Ingold,MIA,Miami Dolphins,away,33,8,FB,0,0.0,0,0,0,0,0,0,0,0,0,2,1,1,0,0
2025,1,,Miami Dolphins,Indianapolis Colts,D'Wayne Eskridge,MIA,Miami Dolphins,away,33,8,WR,0,0.0,0,0,0,0,0,0,0,0,0,2,1,9,0,0
2025,1,,Miami Dolphins,Indianapolis Colts,De'Von Achane,MIA,Miami Dolphins,away,33,8,RB,7,16.27906976744186,0,0,0,0,0,0,7,55,0,4,3,20,1,0
2025,1,,Miami Dolphins,Indianapolis Colts,Jaylen Waddle,MIA,Miami Dolphins,away,33,8,WR,0,0.0,0,0,0,0,0,0,0,0,0,5,4,30,0,0
2025,1,,Miami Dolphins,Indianapolis Colts,Malik Washington,MIA,Miami Dolphins,away,33,8,WR,1,2.3255813953488373,0,0,0,0,0,0,1,9,0,5,2,20,0,0
2025,1,,Miami Dolphins,Indianapolis Colts,Nick Westbrook-Ikhine,MIA,Miami Dolphins,away,33,8,WR,0,0.0,0,0,0,0,0,0,0,0,0,2,1,7,0,0
2025,1,,Miami Dolphins,Indianapolis Colts,Ollie Gordon,MIA,Miami Dolphins,away,33,8,RB,2,4.651162790697675,0,0,0,0,0,0,2,4,0,1,1,-1,0,0
2025,1,,Miami Dolphins,Indianapolis Colts,Tanner Conner,MIA,Miami Dolphins,away,33,8,TE,0,0.0,0,0,0,0,0,0,0,0,0,4,2,20,0,0
2025,1,,Miami Dolphins,Indianapolis Colts,Tua Tagovailoa,MIA,Miami Dolphins,away,33,8,QB,24,55.81395348837209,14,23,114,1,2,3,1,7,0,0,0,0,0,1
2025,1,,Miami Dolphins,Indianapolis Colts,Tyreek Hill,MIA,Miami Dolphins,away,33,8,WR,0,0.0,0,0,0,0,0,0,0,0,0,6,4,40,0,0
2025,1,,Miami Dolphins,Indianapolis Colts,Zach Wilson,MIA,Miami Dolphins,away,33,8,QB,9,20.930232558139537,5,8,32,0,0,0,1,3,0,0,0,0,0,0
2025,1,"68 degrees, relative humidity 38%, wind 6 mph",Chicago Bears,Minnesota Vikings,Aaron Jones,MIN,Chicago Bears,away,27,24,RB,8,17.391304347826086,0,0,0,0,0,0,8,23,0,3,3,44,1,0
2025,1,"68 degrees, relative humidity 38%, wind 6 mph",Chicago Bears,Minnesota Vikings,Adam Thielen,MIN,Chicago Bears,away,27,24,WR,0,0.0,0,0,0,0,0,0,0,0,0,1,0,0,0,0
2025,1,"68 degrees, relative humidity 38%, wind 6 mph",Chicago Bears,Minnesota Vikings,J.J. McCarthy,MIN,Chicago Bears,away,27,24,QB,22,47.82608695652174,13,20,143,2,1,3,2,25,1,0,0,0,0,0
2025,1,"68 degrees, relative humidity 38%, wind 6 mph",Chicago Bears,Minnesota Vikings,Jalen Nailor,MIN,Chicago Bears,away,27,24,WR,0,0.0,0,0,0,0,0,0,0,0,0,3,1,28,0,0
2025,1,"68 degrees, relative humidity 38%, wind 6 mph",Chicago Bears,Minnesota Vikings,Jordan Mason,MIN,Chicago Bears,away,27,24,RB,15,32.608695652173914,0,0,0,0,0,0,15,68,0,1,1,7,0,0
2025,1,"68 degrees, relative humidity 38%, wind 6 mph",Chicago Bears,Minnesota Vikings,Josh Oliver,MIN,Chicago Bears,away,27,24,TE,0,0.0,0,0,0,0,0,0,0,0,0,1,1,5,0,0
2025,1,"68 degrees, relative humidity 38%, wind 6 mph",Chicago Bears,Minnesota Vikings,Justin Jefferson,MIN,Chicago Bears,away,27,24,WR,1,2.1739130434782608,0,0,0,0,0,0,1,4,0,7,4,44,1,0
2025,1,"68 degrees, relative humidity 38%, wind 6 mph",Chicago Bears,Minnesota Vikings,T.J. Hockenson,MIN,Chicago Bears,away,27,24,TE,0,0.0,0,0,0,0,0,0,0,0,0,4,3,15,0,0
2025,1,,New Orleans Saints,Arizona Cardinals,Alvin Kamara,NOR,New Orleans Saints,away,20,13,RB,11,16.176470588235293,0,0,0,0,0,0,11,45,1,2,2,12,0,0
2025,1,,New Orleans Saints,Arizona Cardinals,Brandin Cooks,NOR,New Orleans Saints,away,20,13,WR,0,0.0,0,0,0,0,0,0,0,0,0,4,3,26,0,0
2025,1,,New Orleans Saints,Arizona Cardinals,Chris Olave,NOR,New Orleans Saints,away,20,13,WR,0,0.0,0,0,0,0,0,0,0,0,0,13,7,54,0,0
2025,1,,New Orleans Saints,Arizona Cardinals,Devaughn Vele,NOR,New Orleans Saints,away,20,13,WR,0,0.0,0,0,0,0,0,0,0,0,0,2,1,13,0,0
2025,1,,New Orleans Saints,Arizona Cardinals,Devin Neal,NOR,New Orleans Saints,away,20,13,RB,2,2.941176470588235,0,0,0,0,0,0,2,9,0,0,0,0,0,0
2025,1,,New Orleans Saints,Arizona Cardinals,Juwan Johnson,NOR,New Orleans Saints,away,20,13,TE,0,0.0,0,0,0,0,0,0,0,0,0,11,8,76,0,0
2025,1,,New Orleans Saints,Arizona Cardinals,Kendre Miller,NOR,New Orleans Saints,away,20,13,RB,5,7.352941176470589,0,0,0,0,0,0,5,24,0,0,0,0,0,0
2025,1,,New Orleans Saints,Arizona Cardinals,Rashid Shaheed,NOR,New Orleans Saints,away,20,13,WR,0,0.0,0,0,0,0,0,0,0,0,0,9,6,33,0,0
2025,1,,New Orleans Saints,Arizona Cardinals,Spencer Rattler,NOR,New Orleans Saints,away,20,13,QB,50,73.52941176470588,27,46,214,0,0,1,4,29,0,0,0,0,0,0
2025,1,"62 degrees, relative humidity 86%, wind 4 mph",New England Patriots,Las Vegas Raiders,Antonio Gibson,NWE,New England Patriots,away,20,13,RB,1,1.5625,0,0,0,0,0,0,1,3,0,1,0,0,0,0
2025,1,"62 degrees, relative humidity 86%, wind 4 mph",New England Patriots,Las Vegas Raiders,Austin Hooper,NWE,New England Patriots,away,20,13,TE,0,0.0,0,0,0,0,0,0,0,0,0,1,1,10,0,0
2025,1,"62 degrees, relative humidity 86%, wind 4 mph",New England Patriots,Las Vegas Raiders,Demario Douglas,NWE,New England Patriots,away,20,13,WR,1,1.5625,0,0,0,0,0,0,1,4,0,7,2,-2,1,0
2025,1,"62 degrees, relative humidity 86%, wind 4 mph",New England Patriots,Las Vegas Raiders,Drake Maye,NWE,New England Patriots,away,20,13,QB,50,78.125,30,46,287,1,1,4,4,11,0,1,1,2,0,1
2025,1,"62 degrees, relative humidity 86%, wind 4 mph",New England Patriots,Las Vegas Raiders,Hunter Henry,NWE,New England Patriots,away,20,13,TE,0,0.0,0,0,0,0,0,0,0,0,0,8,4,66,0,0
2025,1,"62 degrees, relative humidity 86%, wind 4 mph",New England Patriots,Las Vegas Raiders,Kayshon Boutte,NWE,New England Patriots,away,20,13,WR,0,0.0,0,0,0,0,0,0,0,0,0,8,6,103,0,0
2025,1,"62 degrees, relative humidity 86%, wind 4 mph",New England Patriots,Las Vegas Raiders,Kyle Williams,NWE,New England Patriots,away,20,13,WR,0,0.0,0,0,0,0,0,0,0,0,0,1,1,12,0,0
2025,1,"62 degrees, relative humidity 86%, wind 4 mph",New England Patriots,Las Vegas Raiders,Mack Hollins,NWE,New England Patriots,away,20,13,WR,0,0.0,0,0,0,0,0,0,0,0,0,2,1,3,0,0
2025,1,"62 degrees, relative humidity 86%, wind 4 mph",New England Patriots,Las Vegas Raiders,Rhamondre Stevenson,NWE,New England Patriots,away,20,13,RB,7,10.9375,0,0,0,0,0,0,7,15,0,3,2,12,0,0
2025,1,"62 degrees, relative humidity 86%, wind 4 mph",New England Patriots,Las Vegas Raiders,Stefon Diggs,NWE,New England Patriots,away,20,13,WR,0,0.0,0,0,0,0,0,0,0,0,0,7,6,57,0,0
2025,1,"62 degrees, relative humidity 86%, wind 4 mph",New England Patriots,Las Vegas Raiders,TreVeyon Henderson,NWE,New England Patriots,away,20,13,RB,5,7.8125,0,0,0,0,0,0,5,27,0,6,6,24,0,0
2025,1,"68 degrees, relative humidity 68%, wind 5 mph",New York Giants,Washington Commanders,Cam Skattebo,NYG,New York Giants,away,21,6,RB,2,3.3333333333333335,0,0,0,0,0,0,2,-3,0,2,2,12,0,0
2025,1,"68 degrees, relative humidity 68%, wind 5 mph",New York Giants,Washington Commanders,Daniel Bellinger,NYG,New York Giants,away,21,6,TE,0,0.0,0,0,0,0,0,0,0,0,0,1,1,14,0,0
2025,1,"68 degrees, relative humidity 68%, wind 5 mph",New York Giants,Washington Commanders,Darius Slayton,NYG,New York Giants,away,21,6,WR,0,0.0,0,0,0,0,0,0,0,0,0,1,0,0,0,0
2025,1,"68 degrees, relative humidity 68%, wind 5 mph",New York Giants,Washington Commanders,Devin Singletary,NYG,New York Giants,away,21,6,RB,3,5.0,0,0,0,0,0,0,3,9,0,0,0,0,0,0
2025,1,"68 degrees, relative humidity 68%, wind 5 mph",New York Giants,Washington Commanders,Malik Nabers,NYG,New York Giants,away,21,6,WR,0,0.0,0,0,0,0,0,0,0,0,0,13,5,71,0,0
2025,1,"68 degrees, relative humidity 68%, wind 5 mph",New York Giants,Washington Commanders,Russell Wilson,NYG,New York Giants,away,21,6,QB,45,75.0,17,37,168,0,0,2,8,44,0,0,0,0,0,1
2025,1,"68 degrees, relative humidity 68%, wind 5 mph",New York Giants,Washington Commanders,Theo Johnson,NYG,New York Giants,away,21,6,TE,0,0.0,0,0,0,0,0,0,0,0,0,3,1,5,0,0
2025,1,"68 degrees, relative humidity 68%, wind 5 mph",New York Giants,Washington Commanders,Tyrone Tracy Jr.,NYG,New York Giants,away,21,6,RB,10,16.666666666666664,0,0,0,0,0,0,10,24,0,5,2,11,0,0
2025,1,"68 degrees, relative humidity 68%, wind 5 mph",New York Giants,Washington Commanders,Wan'Dale Robinson,NYG,New York Giants,away,21,6,WR,0,0.0,0,0,0,0,0,0,0,0,0,8,6,55,0,0
2025,1,"67 degrees, relative humidity 79%, wind 3 mph",New York Jets,Pittsburgh Steelers,Braelon Allen,NYJ,New York Jets,away,34,32,RB,6,9.836065573770492,0,0,0,0,0,0,6,9,1,0,0,0,0,0
2025,1,"67 degrees, relative humidity 79%, wind 3 mph",New York Jets,Pittsburgh Steelers,Breece Hall,NYJ,New York Jets,away,34,32,RB,19,31.147540983606557,0,0,0,0,0,0,19,107,0,4,2,38,0,0
2025,1,"67 degrees, relative humidity 79%, wind 3 mph",New York Jets,Pittsburgh Steelers,Garrett Wilson,NYJ,New York Jets,away,34,32,WR,0,0.0,0,0,0,0,0,0,0,0,0,9,7,95,1,0
2025,1,"67 degrees, relative humidity 79%, wind 3 mph",New York Jets,Pittsburgh Steelers,Isaiah Davis,NYJ,New York Jets,away,34,32,RB,2,3.278688524590164,0,0,0,0,0,0,2,18,0,0,0,0,0,0
2025,1,"67 degrees, relative humidity 79%, wind 3 mph",New York Jets,Pittsburgh Steelers,Jeremy Ruckert,NYJ,New York Jets,away,34,32,TE,0,0.0,0,0,0,0,0,0,0,0,0,2,2,16,0,0
2025,1,"67 degrees, relative humidity 79%, wind 3 mph",New York Jets,Pittsburgh Steelers,Josh Reynolds,NYJ,New York Jets,away,34,32,WR,0,0.0,0,0,0,0,0,0,0,0,0,3,2,18,0,0
2025,1,"67 degrees, relative humidity 79%, wind 3 mph",New York Jets,Pittsburgh Steelers,Justin Fields,NYJ,New York Jets,away,34,32,QB,34,55.73770491803278,16,22,218,1,0,1,12,48,2,0,0,0,0,0
2025,1,"67 degrees, relative humidity 79%, wind 3 mph",New York Jets,Pittsburgh Steelers,Mason Taylor,NYJ,New York Jets,away,34,32,TE,0,0.0,0,0,0,0,0,0,0,0,0,1,1,20,0,0
2025,1,"67 degrees, relative humidity 79%, wind 3 mph",New York Jets,Pittsburgh Steelers,Tyler Johnson,NYJ,New York Jets,away,34,32,WR,0,0.0,0,0,0,0,0,0,0,0,0,2,2,31,0,0
2025,1,"75 degrees, relative humidity 66%, wind 11 mph",Dallas Cowboys,Philadelphia Eagles,A.J. Brown,PHI,Dallas Cowboys,away,24,20,WR,0,0.0,0,0,0,0,0,0,0,0,0,1,1,8,0,0
2025,1,"75 degrees, relative humidity 66%, wind 11 mph",Dallas Cowboys,Philadelphia Eagles,AJ Dillon,PHI,Dallas Cowboys,away,24,20,RB,3,4.918032786885246,0,0,0,0,0,0,3,10,0,0,0,0,0,0
2025,1,"75 degrees, relative humidity 66%, wind 11 mph",Dallas Cowboys,Philadelphia Eagles,Dallas Goedert,PHI,Dallas Cowboys,away,24,20,TE,0,0.0,0,0,0,0,0,0,0,0,0,7,7,44,0,0
2025,1,"75 degrees, relative humidity 66%, wind 11 mph",Dallas Cowboys,Philadelphia Eagles,DeVonta Smith,PHI,Dallas Cowboys,away,24,20,WR,0,0.0,0,0,0,0,0,0,0,0,0,3,3,16,0,0
2025,1,"75 degrees, relative humidity 66%, wind 11 mph",Dallas Cowboys,Philadelphia Eagles,Jahan Dotson,PHI,Dallas Cowboys,away,24,20,WR,0,0.0,0,0,0,0,0,0,0,0,0,3,3,59,0,0
2025,1,"75 degrees, relative humidity 66%, wind 11 mph",Dallas Cowboys,Philadelphia Eagles,Jalen Hurts,PHI,Dallas Cowboys,away,24,20,QB,37,60.65573770491803,19,23,152,0,0,1,14,62,2,0,0,0,0,0
2025,1,"75 degrees, relative humidity 66%, wind 11 mph",Dallas Cowboys,Philadelphia Eagles,Kylen Granson,PHI,Dallas Cowboys,away,24,20,TE,0,0.0,0,0,0,0,0,0,0,0,0,1,1,1,0,0
2025,1,"75 degrees, relative humidity 66%, wind 11 mph",Dallas Cowboys,Philadelphia Eagles,Saquon Barkley,PHI,Dallas Cowboys,away,24,20,RB,18,29.508196721311474,0,0,0,0,0,0,18,60,1,5,4,24,0,0
2025,1,"75 degrees, relative humidity 66%, wind 11 mph",Dallas Cowboys,Philadelphia Eagles,Will Shipley,PHI,Dallas Cowboys,away,24,20,RB,3,4.918032786885246,0,0,0,0,0,0,3,26,0,0,0,0,0,0
2025,1,"67 degrees, relative humidity 79%, wind 3 mph",New York Jets,Pittsburgh Steelers,Aaron Rodgers,PIT,New York Jets,away,34,32,QB,31,62.0,22,30,244,4,0,4,1,-1,0,0,0,0,0,0
2025,1,"67 degrees, relative humidity 79%, wind 3 mph",New York Jets,Pittsburgh Steelers,Ben Skowronek,PIT,New York Jets,away,34,32,WR,0,0.0,0,0,0,0,0,0,0,0,0,1,1,22,1,0
2025,1,"67 degrees, relative humidity 79%, wind 3 mph",New York Jets,Pittsburgh Steelers,Calvin Austin,PIT,New York Jets,away,34,32,UNK,0,0.0,0,0,0,0,0,0,0,0,0,6,4,70,1,0
2025,1,"67 degrees, relative humidity 79%, wind 3 mph",New York Jets,Pittsburgh Steelers,D.K. Metcalf,PIT,New York Jets,away,34,32,WR,0,0.0,0,0,0,0,0,0,0,0,0,7,4,83,0,0
2025,1,"67 degrees, relative humidity 79%, wind 3 mph",New York Jets,Pittsburgh Steelers,Jaylen Warren,PIT,New York Jets,away,34,32,RB,11,22.0,0,0,0,0,0,0,11,37,0,2,2,22,1,0
2025,1,"67 degrees, relative humidity 79%, wind 3 mph",New York Jets,Pittsburgh Steelers,Jonnu Smith,PIT,New York Jets,away,34,32,TE,0,0.0,0,0,0,0,0,0,0,0,0,6,5,15,1,0
2025,1,"67 degrees, relative humidity 79%, wind 3 mph",New York Jets,Pittsburgh Steelers,Kaleb Johnson,PIT,New York Jets,away,34,32,RB,1,2.0,0,0,0,0,0,0,1,-2,0,0,0,0,0,1
2025,1,"67 degrees, relative humidity 79%, wind 3 mph",New York Jets,Pittsburgh Steelers,Kenneth Gainwell,PIT,New York Jets,away,34,32,RB,7,14.000000000000002,0,0,0,0,0,0,7,19,0,4,3,4,0,1
2025,1,"67 degrees, relative humidity 79%, wind 3 mph",New York Jets,Pittsburgh Steelers,Pat Freiermuth,PIT,New York Jets,away,34,32,TE,0,0.0,0,0,0,0,0,0,0,0,0,3,3,28,0,0
2025,1,"67 degrees, relative humidity 83%, wind 6 mph",Seattle Seahawks,San Francisco 49ers,AJ Barner,SEA,Seattle Seahawks,away,17,13,TE,1,2.0408163265306123,0,0,0,0,0,0,1,2,0,2,1,0,0,0
2025,1,"67 degrees, relative humidity 83%, wind 6 mph",Seattle Seahawks,San Francisco 49ers,Cooper Kupp,SEA,Seattle Seahawks,away,17,13,WR,0,0.0,0,0,0,0,0,0,0,0,0,3,2,15,0,0
2025,1,"67 degrees, relative humidity 83%, wind 6 mph",Seattle Seahawks,San Francisco 49ers,Elijah Arroyo,SEA,Seattle Seahawks,away,17,13,TE,0,0.0,0,0,0,0,0,0,0,0,0,1,1,7,0,0
2025,1,"67 degrees, relative humidity 83%, wind 6 mph",Seattle Seahawks,San Francisco 49ers,Jalen Milroe,SEA,Seattle Seahawks,away,17,13,QB,1,2.0408163265306123,0,0,0,0,0,0,1,1,0,0,0,0,0,0
2025,1,"67 degrees, relative humidity 83%, wind 6 mph",Seattle Seahawks,San Francisco 49ers,Jaxon Smith-Njigba,SEA,Seattle Seahawks,away,17,13,WR,0,0.0,0,0,0,0,0,0,0,0,0,13,9,124,0,2
2025,1,"67 degrees, relative humidity 83%, wind 6 mph",Seattle Seahawks,San Francisco 49ers,Kenneth Walker,SEA,Seattle Seahawks,away,17,13,UNK,10,20.408163265306122,0,0,0,0,0,0,10,20,0,3,3,4,0,0
2025,1,"67 degrees, relative humidity 83%, wind 6 mph",Seattle Seahawks,San Francisco 49ers,Sam Darnold,SEA,Seattle Seahawks,away,17,13,QB,25,51.02040816326531,16,23,150,0,0,1,2,14,0,0,0,0,0,1
2025,1,"67 degrees, relative humidity 83%, wind 6 mph",Seattle Seahawks,San Francisco 49ers,Zach Charbonnet,SEA,Seattle Seahawks,away,17,13,RB,12,24.489795918367346,0,0,0,0,0,0,12,47,1,0,0,0,0,0
2025,1,"67 degrees, relative humidity 83%, wind 6 mph",Seattle Seahawks,San Francisco 49ers,Brian Robinson Jr.,SFO,Seattle Seahawks,away,17,13,RB,9,12.676056338028168,0,0,0,0,0,0,9,33,0,2,1,4,0,0
2025,1,"67 degrees, relative humidity 83%, wind 6 mph",Seattle Seahawks,San Francisco 49ers,Brock Purdy,SFO,Seattle Seahawks,away,17,13,QB,40,56.33802816901409,26,35,277,2,2,1,5,17,0,0,0,0,0,0
2025,1,"67 degrees, relative humidity 83%, wind 6 mph",Seattle Seahawks,San Francisco 49ers,Christian McCaffrey,SFO,Seattle Seahawks,away,17,13,RB,22,30.985915492957744,0,0,0,0,0,0,22,69,0,10,9,73,0,0
2025,1,"67 degrees, relative humidity 83%, wind 6 mph",Seattle Seahawks,San Francisco 49ers,George Kittle,SFO,Seattle Seahawks,away,17,13,TE,0,0.0,0,0,0,0,0,0,0,0,0,4,4,25,1,0
2025,1,"67 degrees, relative humidity 83%, wind 6 mph",Seattle Seahawks,San Francisco 49ers,Jake Tonges,SFO,Seattle Seahawks,away,17,13,TE,0,0.0,0,0,0,0,0,0,0,0,0,3,3,15,1,0
2025,1,"67 degrees, relative humidity 83%, wind 6 mph",Seattle Seahawks,San Francisco 49ers,Jauan Jennings,SFO,Seattle Seahawks,away,17,13,WR,0,0.0,0,0,0,0,0,0,0,0,0,5,2,16,0,0
2025,1,"67 degrees, relative humidity 83%, wind 6 mph",Seattle Seahawks,San Francisco 49ers,Kyle Juszczyk,SFO,Seattle Seahawks,away,17,13,FB,0,0.0,0,0,0,0,0,0,0,0,0,2,2,32,0,0
2025,1,"67 degrees, relative humidity 83%, wind 6 mph",Seattle Seahawks,San Francisco 49ers,Luke Farrell,SFO,Seattle Seahawks,away,17,13,TE,0,0.0,0,0,0,0,0,0,0,0,0,1,1,4,0,0
2025,1,"67 degrees, relative humidity 83%, wind 6 mph",Seattle Seahawks,San Francisco 49ers,Ricky Pearsall,SFO,Seattle Seahawks,away,17,13,WR,0,0.0,0,0,0,0,0,0,0,0,0,7,4,108,0,0
2025,1,,Atlanta Falcons,Tampa Bay Buccaneers,Baker Mayfield,TAM,Atlanta Falcons,away,23,20,QB,37,67.27272727272727,17,32,167,3,0,1,5,39,0,0,0,0,0,0
2025,1,,Atlanta Falcons,Tampa Bay Buccaneers,Bucky Irving,TAM,Atlanta Falcons,away,23,20,RB,14,25.454545454545453,0,0,0,0,0,0,14,37,0,4,4,8,1,0
2025,1,,Atlanta Falcons,Tampa Bay Buccaneers,Cade Otton,TAM,Atlanta Falcons,away,23,20,TE,0,0.0,0,0,0,0,0,0,0,0,0,3,0,0,0,0
2025,1,,Atlanta Falcons,Tampa Bay Buccaneers,Emeka Egbuka,TAM,Atlanta Falcons,away,23,20,WR,1,1.8181818181818181,0,0,0,0,0,0,1,9,0,6,4,67,2,0
2025,1,,Atlanta Falcons,Tampa Bay Buccaneers,Mike Evans,TAM,Atlanta Falcons,away,23,20,WR,0,0.0,0,0,0,0,0,0,0,0,0,8,5,51,0,0
2025,1,,Atlanta Falcons,Tampa Bay Buccaneers,Rachaad White,TAM,Atlanta Falcons,away,23,20,RB,2,3.6363636363636362,0,0,0,0,0,0,2,14,0,1,1,2,0,0
2025,1,,Atlanta Falcons,Tampa Bay Buccaneers,Ryan Miller,TAM,Atlanta Falcons,away,23,20,WR,0,0.0,0,0,0,0,0,0,0,0,0,1,0,0,0,0
2025,1,,Atlanta Falcons,Tampa Bay Buccaneers,Sean Tucker,TAM,Atlanta Falcons,away,23,20,RB,1,1.8181818181818181,0,0,0,0,0,0,1,2,0,0,0,0,0,0
2025,1,,Atlanta Falcons,Tampa Bay Buccaneers,Sterling Shepard,TAM,Atlanta Falcons,away,23,20,WR,0,0.0,0,0,0,0,0,0,0,0,0,6,3,39,0,0
2025,1,,Atlanta Falcons,Tampa Bay Buccaneers,Tez Johnson,TAM,Atlanta Falcons,away,23,20,WR,0,0.0,0,0,0,0,0,0,0,0,0,1,0,0,0,0
2025,1,"84 degrees, relative humidity 24%, wind 6 mph",Tennessee Titans,Denver Broncos,Bryce Oliver,TEN,Tennessee Titans,away,20,12,WR,0,0.0,0,0,0,0,0,0,0,0,0,1,1,8,0,0
2025,1,"84 degrees, relative humidity 24%, wind 6 mph",Tennessee Titans,Denver Broncos,Calvin Ridley,TEN,Tennessee Titans,away,20,12,WR,0,0.0,0,0,0,0,0,0,0,0,0,8,4,27,0,0
2025,1,"84 degrees, relative humidity 24%, wind 6 mph",Tennessee Titans,Denver Broncos,Cam Ward,TEN,Tennessee Titans,away,20,12,QB,28,57.14285714285714,12,28,112,0,0,6,0,0,0,0,0,0,0,1
2025,1,"84 degrees, relative humidity 24%, wind 6 mph",Tennessee Titans,Denver Broncos,Chigoziem Okonkwo,TEN,Tennessee Titans,away,20,12,TE,0,0.0,0,0,0,0,0,0,0,0,0,4,3,19,0,0
2025,1,"84 degrees, relative humidity 24%, wind 6 mph",Tennessee Titans,Denver Broncos,Chimere Dike,TEN,Tennessee Titans,away,20,12,WR,1,2.0408163265306123,0,0,0,0,0,0,1,9,0,1,0,0,0,0
2025,1,"84 degrees, relative humidity 24%, wind 6 mph",Tennessee Titans,Denver Broncos,Elic Ayomanor,TEN,Tennessee Titans,away,20,12,WR,0,0.0,0,0,0,0,0,0,0,0,0,7,2,13,0,0
2025,1,"84 degrees, relative humidity 24%, wind 6 mph",Tennessee Titans,Denver Broncos,Gunnar Helm,TEN,Tennessee Titans,away,20,12,TE,0,0.0,0,0,0,0,0,0,0,0,0,2,1,16,0,0
2025,1,"84 degrees, relative humidity 24%, wind 6 mph",Tennessee Titans,Denver Broncos,Julius Chestnut,TEN,Tennessee Titans,away,20,12,RB,2,4.081632653061225,0,0,0,0,0,0,2,2,0,0,0,0,0,0
2025,1,"84 degrees, relative humidity 24%, wind 6 mph",Tennessee Titans,Denver Broncos,Tony Pollard,TEN,Tennessee Titans,away,20,12,RB,18,36.734693877551024,0,0,0,0,0,0,18,60,0,1,1,29,0,1
2025,1,"84 degrees, relative humidity 24%, wind 6 mph",Tennessee Titans,Denver Broncos,Tyler Lockett,TEN,Tennessee Titans,away,20,12,WR,0,0.0,0,0,0,0,0,0,0,0,0,1,0,0,0,0
2025,1,"68 degrees, relative humidity 68%, wind 5 mph",New York Giants,Washington Commanders,Austin Ekeler,WAS,New York Giants,away,21,6,RB,6,9.67741935483871,0,0,0,0,0,0,6,26,0,3,3,31,0,0
2025,1,"68 degrees, relative humidity 68%, wind 5 mph",New York Giants,Washington Commanders,Chris Moore,WAS,New York Giants,away,21,6,WR,0,0.0,0,0,0,0,0,0,0,0,0,1,1,34,0,0
2025,1,"68 degrees, relative humidity 68%, wind 5 mph",New York Giants,Washington Commanders,Deebo Samuel,WAS,New York Giants,away,21,6,WR,1,1.6129032258064515,0,0,0,0,0,0,1,19,1,10,7,77,0,0
2025,1,"68 degrees, relative humidity 68%, wind 5 mph",New York Giants,Washington Commanders,Jacory Croskey-Merritt,WAS,New York Giants,away,21,6,RB,10,16.129032258064516,0,0,0,0,0,0,10,82,1,1,0,0,0,0
2025,1,"68 degrees, relative humidity 68%, wind 5 mph",New York Giants,Washington Commanders,Jayden Daniels,WAS,New York Giants,away,21,6,QB,41,66.12903225806451,19,30,233,1,0,3,11,68,0,0,0,0,0,0
2025,1,"68 degrees, relative humidity 68%, wind 5 mph",New York Giants,Washington Commanders,Jaylin Lane,WAS,New York Giants,away,21,6,WR,0,0.0,0,0,0,0,0,0,0,0,0,2,1,11,0,0
2025,1,"68 degrees, relative humidity 68%, wind 5 mph",New York Giants,Washington Commanders,Jeremy McNichols,WAS,New York Giants,away,21,6,RB,4,6.451612903225806,0,0,0,0,0,0,4,25,0,0,0,0,0,0
2025,1,"68 degrees, relative humidity 68%, wind 5 mph",New York Giants,Washington Commanders,Noah Brown,WAS,New York Giants,away,21,6,WR,0,0.0,0,0,0,0,0,0,0,0,0,3,2,27,0,0
2025,1,"68 degrees, relative humidity 68%, wind 5 mph",New York Giants,Washington Commanders,Terry McLaurin,WAS,New York Giants,away,21,6,WR,0,0.0,0,0,0,0,0,0,0,0,0,4,2,27,0,0
2025,1,"68 degrees, relative humidity 68%, wind 5 mph",New York Giants,Washington Commanders,Zach Ertz,WAS,New York Giants,away,21,6,TE,0,0.0,0,0,0,0,0,0,0,0,0,5,3,26,1,0
