team,name,pos,est_return_date,status,comment,scraped_date
ARI,Tip Reiman,TE,Sep 14,Questionable,"Sep 11: Reiman (foot) was a non-participant at Thursday's practice, Zach Gershman of the Cardinals' official site reports.",2025-09-12 11:46:08
ARI,Blake Gillikin,P,Sep 14,Questionable,,2025-09-12 11:46:08
ARI,Joey Blount,S,Feb 9,Injured Reserve,"Sep 10: Head coach Jonathan Gannon told reporters Wednesday that Blount (neck/concussion) will be placed on injured reserve and miss the remainder of the season, Josh Weinfuss of ESPN.com reports.",2025-09-12 11:46:08
ARI,Will Hernandez,G,Sep 14,Questionable,,2025-09-12 11:46:08
ARI,Zaven Collins,LB,Sep 14,Questionable,Sep 7: Collins is questionable to return to Sunday's game against the Saints due to a hand injury.,2025-09-12 11:46:08
ARI,Cody Simon,LB,Sep 14,Questionable,"Sep 7: Simon has entered concussion protocol and has been ruled out for the rest of Sunday's game against the Saints, Dani Sureck of the Cardinals' official site reports.",2025-09-12 11:46:08
ARI,Justin Jones,DT,Oct 5,Injured Reserve,"Aug 28: The Cardinals placed Jones on injured reserve Thursday due to a knee injury, Darren Urban of the team's official site reports.",2025-09-12 11:46:08
ARI,Christian Jones,OT,Oct 5,Injured Reserve,Aug 27: Jones (knee) was placed on injured reserve Tuesday.,2025-09-12 11:46:08
ARI,Hayden Conner,G,Oct 5,Injured Reserve,Aug 27: Conner (knee) was placed on injured reserve Tuesday.,2025-09-12 11:46:08
ARI,J.J. Russell,LB,Feb 9,Injured Reserve,"Aug 27: Russell was placed on injured reserve by the Cardinals on Tuesday, Darren Urban of the team's official website reports.",2025-09-12 11:46:08
ARI,Bilal Nichols,DT,Oct 5,Out,"Aug 27: Nichols (neck) was moved to the reserve/PUP list by the the Cardinals on Tuesday, Darren Urban of the team's official website reports.",2025-09-12 11:46:08
ARI,BJ Ojulari,LB,Oct 5,Out,"Aug 26: Ojulari (knee) was moved to the reserve/PUP list by the Cardinals on Tuesday, Darren Urban of the team's official website reports.",2025-09-12 11:46:08
ARI,Walter Nolen III,DT,Oct 5,Out,"Aug 26: Nolen (calf) was moved to the reserve/PUP list by the Cardinals on Tuesday, Darren Urban of the team's official website reports.",2025-09-12 11:46:08
ARI,Trishton Jackson,WR,Feb 9,Injured Reserve,Aug 12: The Cardinals placed Jackson (thumb) on injured reserve Tuesday.,2025-09-12 11:46:08
ARI,Valentin Senn,OT,Feb 9,Injured Reserve,"Aug 3: Senn (undisclosed) was placed on injured reserve by the Cardinals on Sunday, Aaron Wilson of KPRC 2 Houston reports.",2025-09-12 11:46:08
ARI,Starling Thomas V,CB,Feb 9,Injured Reserve,Jul 27: The Cardinals placed Thomas (knee) on injured reserve Sunday.,2025-09-12 11:46:08
ARI,Sean Murphy-Bunting,CB,Feb 9,Out,"May 28: Coach Jonathan Gannon said Wednesday that Murphy-Bunting underwent surgery on his knee to address the injury that landed him on Arizona's NFI list, Josh Weinfuss of ESPN.com reports.",2025-09-12 11:46:08
ATL,Tyrone Wheatley Jr.,OT,Feb 9,Injured Reserve,,2025-09-12 11:46:08
ATL,Billy Bowman Jr.,S,Sep 14,Questionable,"Sep 11: Bowman (shoulder) was limited in practice Thursday, Tori McElhaney of the Falcons' official site reports.",2025-09-12 11:46:08
ATL,Casey Washington,WR,Sep 14,Questionable,"Sep 11: Washington (concussion) remained sidelined in practice Thursday, Tori McElhanney of the Falcons' official site reports.",2025-09-12 11:46:08
ATL,Darnell Mooney,WR,Sep 14,Questionable,"Sep 11: Mooney (shoulder) was limited in practice Thursday, Tori McElhaney of the Falcons' official site reports.",2025-09-12 11:46:08
ATL,Drake London,WR,Sep 14,Questionable,"Sep 11: London (shoulder) practiced in a limited capacity Thursday, Tori McElhaney of the Falcons' official site reports.",2025-09-12 11:46:08
ATL,James Pearce Jr.,LB,Sep 14,Questionable,"Sep 10: Pearce was a limited practice participant Wednesday due to a groin injury, Tori McElhaney of the Falcons' official site reports.",2025-09-12 11:46:08
ATL,DeMarcco Hellams,S,Sep 14,Questionable,"Sep 10: Hellams (hamstring) participated in practice in a limited fashion Wednesday, Tori McElhaney of the Falcons' official site reports.",2025-09-12 11:46:08
ATL,Jordan Fuller,S,Sep 14,Questionable,,2025-09-12 11:46:08
ATL,Jack Nelson,OT,Sep 14,Questionable,,2025-09-12 11:46:08
ATL,Jamal Agnew,WR,Sep 14,Questionable,"Sep 8: Agnew said Monday that he ""feels good"" after injuring his groin in the third quarter of Sunday's 23-20 loss to the Buccaneers, Terrin Waack of the Falcons' official site reports.",2025-09-12 11:46:08
ATL,Storm Norton,OT,Oct 13,Injured Reserve,"Sep 5: Norton (ankle) is expected to be sidelined six-to-eight weeks, D. Orlando Ledbetter of the Atlanta Journal Constitution reports.",2025-09-12 11:46:08
ATL,Bralen Trice,LB,Oct 13,Injured Reserve,"Aug 28: The Falcons placed Trice (knee) on injured reserve Thursday, Tori McElhaney of the team's official site reports.",2025-09-12 11:46:08
ATL,Malik Verdon,S,Oct 13,Out,"Aug 27: The Falcons moved Verdon to the reserve/non-football injury list Tuesday, Terrin Waack, Will McFadden and Tori McElhaney of the team's official site report.",2025-09-12 11:46:08
ATL,Ta'Quon Graham,DT,Oct 13,Injured Reserve,"Aug 27: The Falcons placed Graham (undisclosed) on injured reserve Tuesday with a designation to return, Terrin Waack, Will McFadden and Tori McElhaney of the team's official site report.",2025-09-12 11:46:08
ATL,Troy Andersen,LB,Oct 13,Out,"Aug 26: The Falcons placed Anderson on the reserve/PUP list Tuesday, Terrin Waack, Will McFadden and Tori McElhaney of the team's official site report.",2025-09-12 11:46:08
ATL,Kaleb McGary,OT,Feb 9,Injured Reserve,"Aug 26: The Falcons placed McGary on season-ending IR on Tuesday, Mike Garafolo of NFL Network reports.",2025-09-12 11:46:08
ATL,Emory Jones,QB,Feb 9,Injured Reserve,"Aug 19: Jones (concussion) reverted to injured reserve after clearing waivers Tuesday, Aaron Wilson of KPRC 2 Houston reports.",2025-09-12 11:46:08
BAL,Nnamdi Madubuike,DT,Sep 14,Questionable,Sep 11: Madubuike (ankle) logged  a limited practice Thursday.,2025-09-12 11:46:08
BAL,Isaiah Likely,TE,Sep 14,Questionable,"Sep 11: Likely (foot) remained sidelined at Thursday's practice, Brian Wacker of the Baltimore Sun reports.",2025-09-12 11:46:08
BAL,Patrick Ricard,FB,Sep 14,Questionable,Sep 10: Ricard (calf) did not participate at practice Wednesday.,2025-09-12 11:46:08
BAL,Ar'Darius Washington,S,Dec 7,Out,"Aug 27: The Ravens placed Washington (Achilles) on the reserve/PUP list Tuesday, Jamison Hensley of ESPN.com reports.",2025-09-12 11:46:08
BAL,Emery Jones Jr.,OT,Oct 5,Out,"Aug 27: Jones (shoulder) was placed on the reserve/non-football injury list Tuesday, Jamison Hensley of ESPN.com reports.",2025-09-12 11:46:08
BAL,Adisa Isaac,LB,Oct 5,Injured Reserve,"Aug 27: Baltimore placed Isaac (elbow) on its injured reserve list Tuesday, Jamison Hensley of ESPN.com reports.",2025-09-12 11:46:08
BAL,Dayton Wade,WR,Feb 9,Injured Reserve,"Aug 26: The Ravens placed Wade (ribs) on injured reserve Tuesday, Jamison Hensley of ESPN.com reports.",2025-09-12 11:46:08
BAL,Robert Longerbeam,CB,Feb 9,Injured Reserve,"Aug 10: The Ravens placed Longerbeam (knee) on injured reserve Sunday, Jamison Hensley of ESPN.com reports.",2025-09-12 11:46:08
BAL,Bilhal Kone,CB,Feb 9,Injured Reserve,Aug 9: The Ravens placed Kone (knee) on injured reserve Saturday.,2025-09-12 11:46:08
BUF,Ed Oliver,DT,Sep 18,Out,,2025-09-12 11:46:08
BUF,Shaq Thompson,LB,Sep 14,Questionable,Sep 11: Thompson (hamstring) was limited in Thursday's practice.,2025-09-12 11:46:08
BUF,Taron Johnson,CB,Sep 14,Questionable,Sep 11: Johnson (quadriceps) was limited in Thursday's practice.,2025-09-12 11:46:08
BUF,Dawson Knox,TE,Sep 14,Questionable,Sep 11: Knox (hip) is listed as limited on Thursday's injury report.,2025-09-12 11:46:08
BUF,Jordan Hancock,CB,Sep 14,Questionable,,2025-09-12 11:46:08
BUF,Greg Rousseau,DE,Sep 14,Questionable,Sep 10: Rousseau was a limited participant in Wednesday's practice due to a knee injury.,2025-09-12 11:46:08
BUF,Tre'Davious White,CB,Sep 14,Questionable,Sep 10: White (groin) was limited in practice Wednesday.,2025-09-12 11:46:08
BUF,Tyler Bass,PK,Oct 5,Injured Reserve,Sep 5: The Bills placed Bass (left hip/groin) on injured reserve Friday.,2025-09-12 11:46:08
BUF,DeWayne Carter,DT,Feb 9,Injured Reserve,Sep 4: The Bills placed Carter (Achilles) on injured reserve Thursday.,2025-09-12 11:46:08
BUF,Wande Owens,S,Feb 9,Injured Reserve,"Aug 27: Owens (undisclosed) reverted to the Bills' injured reserve list Wednesday, Alaina Getzenberg of ESPN.com reports.",2025-09-12 11:46:08
BUF,Tylan Grable,OT,Oct 5,Injured Reserve,Aug 27: Grable (concussion) was placed on injured reserve with a designation to return Tuesday.,2025-09-12 11:46:08
BUF,Maxwell Hairston,CB,Oct 5,Injured Reserve,Aug 26: Hairston (knee) was placed on injured reserve Tuesday.,2025-09-12 11:46:08
CAR,Hunter Renfrow,WR,Sep 14,Questionable,Sep 11: Renfrow (ribs) remained limited in practice Thursday.,2025-09-12 11:46:08
CAR,Akayleb Evans,CB,Sep 14,Questionable,,2025-09-12 11:46:08
CAR,Ikem Ekwonu,OT,Sep 14,Questionable,"Sep 10: Ekwonu (appendectomy) was a limited participant at practice Wednesday, Darin Gantt of the Panthers' official site reports.",2025-09-12 11:46:08
CAR,Patrick Jones II,LB,Sep 14,Questionable,Sep 10: Jones (ankle) was a limited participant at practice Wednesday.,2025-09-12 11:46:08
CAR,Tershawn Wharton,DT,Sep 21,Out,"Sep 8: Head coach Dave Canales told reporters Monday that Wharton (hamstring) is expected to miss 2-4 weeks, Darin Gantt of the Panthers' official site reports.",2025-09-12 11:46:08
CAR,Damarri Mathis,CB,Feb 9,Injured Reserve,Sep 6: The Panthers placed Mathis (knee) on injured reserve Saturday.,2025-09-12 11:46:08
CAR,Jalen Coker,WR,Oct 5,Injured Reserve,"Sep 1: Coker (quadriceps), who was placed on IR on Saturday, is expected to be sidelined 4-to-6 games in his recovery, David Newton of ESPN reports.",2025-09-12 11:46:08
CAR,LaBryan Ray,DE,Oct 5,Injured Reserve,"Aug 26: The Panthers placed Ray (ankle) on injured reserve Tuesday, which rules him out for at least the first four games of the regular season, Darin Gantt of the Panthers' official site reports.",2025-09-12 11:46:08
CAR,Popo Aumavae,DT,Feb 9,Injured Reserve,"May 9: Aumavae (Achilles) cleared waivers and reverted to injured reserve Friday, Aaron Wilson of KPRC 2 Houston reports.",2025-09-12 11:46:08
CAR,Jonathon Brooks,RB,Feb 9,Out,"May 8: The Panthers are placing Brooks on the physically unable to perform list, ruling him out for the entire 2025 season.",2025-09-12 11:46:08
CHI,Grady Jarrett,DE,Sep 14,Questionable,Sep 11: Jarrett (knee) did not participate in Thursday's practice.,2025-09-12 11:46:08
CHI,Kyler Gordon,CB,Sep 14,Questionable,Sep 11: Gordon (hamstring) did not participate in Thursday's practice.,2025-09-12 11:46:08
CHI,T.J. Edwards,LB,Sep 14,Questionable,Sep 11: Edwards (hamstring) was a limited participant in Thursday's practice.,2025-09-12 11:46:08
CHI,Roschon Johnson,RB,Sep 14,Questionable,Sep 11: Johnson (foot) practiced on a limited basis Thursday.,2025-09-12 11:46:08
CHI,Jahdae Walker,WR,Sep 14,Questionable,,2025-09-12 11:46:08
CHI,Josh Blackwell,CB,Sep 14,Questionable,,2025-09-12 11:46:08
CHI,Austin Booker,DE,Oct 13,Injured Reserve,Aug 28: The Bears placed Booker (knee) on injured reserve Thursday.,2025-09-12 11:46:08
CHI,Amen Ogbongbemiga,LB,Oct 13,Injured Reserve,"Aug 27: Ogbongbemiga (undisclosed) was placed on injured reserve Wednesday, but with a designation to return.",2025-09-12 11:46:08
CHI,Zah Frazier,CB,Feb 9,Out,"Aug 27: Bears general manager Ryan Poles said Tuesday that Frazier will remain on the reserve/non-football injury list the entire 2025 campaign for a ""personal"" reason, Courtney Cronin of ESPN reports.",2025-09-12 11:46:08
CHI,Travis Homer,RB,Oct 13,Injured Reserve,"Aug 26: The Bears placed  Homer (calf) on IR on Tuesday, ruling him out for at least the first four games of the regular season.",2025-09-12 11:46:08
CHI,Terell Smith,CB,Feb 9,Injured Reserve,Aug 24: The Bears placed Smith (knee) on injured reserve Sunday.,2025-09-12 11:46:08
CHI,Deion Hankins,RB,Feb 9,Injured Reserve,"Aug 20: Hankins (shoulder/quadriceps) was placed on injured reserve Wednesday, Adam Hoge of AllCHGO.com reports.",2025-09-12 11:46:08
CIN,Amarius Mims,OT,Sep 14,Questionable,,2025-09-12 11:46:08
CIN,Lucas Patrick,G,Oct 12,Injured Reserve,Sep 9: The Bengals placed Patrick (calf) on injured reserve Tuesday.,2025-09-12 11:46:08
CIN,Cordell Volson,G,Feb 9,Injured Reserve,Aug 27: Volson (shoulder) reverted to the Bengals' injured reserve list Wednesday.,2025-09-12 11:46:08
CIN,Cedric Johnson,DE,Oct 5,Injured Reserve,"Aug 27: Johnson (calf) was placed on injured reserve by the Bengals on Tuesday, though he was designated to return.",2025-09-12 11:46:08
CIN,Daijahn Anthony,S,Oct 5,Injured Reserve,"Aug 27: Anthony (hamstring) was placed on injured reserve by the Bengals on Tuesday, but he was designated to return.",2025-09-12 11:46:08
CIN,Erick All Jr.,TE,Feb 9,Out,Aug 26: The Bengals placed All (knee) on the reserve/PUP list Tuesday.,2025-09-12 11:46:08
CLE,Quinshon Judkins,RB,Sep 14,Out,"Sep 11: Judkins participated in practice Thursday, Mary Kay Cabot of The Cleveland Plain Dealer reports.",2025-09-12 11:46:08
CLE,Denzel Ward,CB,Sep 14,Questionable,"Sep 10: Ward was a limited participant at practice Wednesday due to shoulder and Achilles issues, Daniel Oyefusi of ESPN.com reports.",2025-09-12 11:46:08
CLE,Dawand Jones,OT,Sep 14,Questionable,,2025-09-12 11:46:08
CLE,Mike Hall Jr.,DT,Sep 14,Questionable,,2025-09-12 11:46:08
CLE,Jack Conklin,OT,Sep 14,Questionable,Sep 7: Conklin is questionable to return to Sunday's battle against the Bengals due to an eye issue.,2025-09-12 11:46:08
CLE,Winston Reid,LB,Oct 5,Injured Reserve,Aug 27: Reid (back) was placed on injured reserve Tuesday.,2025-09-12 11:46:08
CLE,Cade McDonald,WR,Feb 9,Injured Reserve,"Aug 27: McDonald (undisclosed) cleared waivers Wednesday and reverted to injured reserve, per the NFL's official media site.",2025-09-12 11:46:08
CLE,David Bell,WR,Oct 5,Out,"Aug 26: The Browns placed Bell (hip) on the reserve/non-football injury list Tuesday, Kelsey Russo of the team's official site reports.",2025-09-12 11:46:08
CLE,Deshaun Watson,QB,Oct 5,Out,"Aug 26: The Browns placed Watson (Achilles) on the reserve/PUP list Tuesday, Kelsey Russo of the team's official site reports.",2025-09-12 11:46:08
CLE,Nathaniel Watson,LB,Feb 9,Injured Reserve,Aug 21: Watson (biceps) was placed on injured reserve Thursday.,2025-09-12 11:46:08
CLE,Anthony Kendall,CB,Feb 9,Injured Reserve,"Aug 6: Kendall (undisclosed) reverted to Cleveland's injured reserve list Wednesday, Aaron Wilson of KPRC 2 Houston reports.",2025-09-12 11:46:08
CLE,Martin Emerson Jr.,CB,Feb 9,Injured Reserve,"Jul 30: Emerson (Achilles) was ruled out for the season Wednesday, Mary Kay Cabot of The Cleveland Plain Dealer reports.",2025-09-12 11:46:08
CLE,Justin Osborne,C,Feb 9,Injured Reserve,Jun 10: Osborne (undisclosed) reverted to Cleveland's injured reserve Tuesday.,2025-09-12 11:46:08
CLE,Jeremiah Owusu-Koramoah,LB,Feb 9,Out,May 12: The Browns placed Owusu-Koramoah (neck) on the Reserve/Physically Unable to to Perform list Monday.,2025-09-12 11:46:08
DAL,DaRon Bland,CB,Sep 21,Out,"Sep 11: The Cowboys are viewing Bland as week-to-week after he sustained a right foot sprain Monday, Calvin Watkins of The Dallas Morning News reports.",2025-09-12 11:46:08
DAL,Malik Hooker,S,Sep 14,Questionable,"Sep 10: Hooker is dealing with a foot injury and logged a limited practice Wedneday, Nick Harris of the Fort Worth Star-Telegram reports.",2025-09-12 11:46:08
DAL,Perrion Winfrey,DT,Oct 12,Injured Reserve,Sep 8: The Cowboys placed Winfrey (back) on injured reserve Monday.,2025-09-12 11:46:08
DAL,John Stephens Jr.,TE,Oct 5,Injured Reserve,"Aug 28: The previously terminated contract between the Cowboys and Stephens (undisclosed) was reinstated Thursday, and he has been placed on injured reserve, Aaron Wilson of KPRC 2 Houston reports.",2025-09-12 11:46:08
DAL,Caelen Carson,CB,Oct 5,Injured Reserve,Aug 27: Carson (knee) was placed on injured reserve by the Cowboys on Wednesday.,2025-09-12 11:46:08
DAL,Phil Mafah,RB,Oct 5,Injured Reserve,Aug 27: The Cowboys placed Mafah (shoulder) on injured reserve Wednesday.,2025-09-12 11:46:08
DAL,Payton Turner,DE,Oct 5,Injured Reserve,"Aug 26: The Cowboys placed Turner (ribs) on injured reserve Tuesday, ruling him out for at least the first four games of the regular season.",2025-09-12 11:46:08
DAL,Shavon Revel Jr.,CB,Oct 5,Out,Aug 26: The Cowboys placed Revel (ACL) on the reserve/non-football injury list Tuesday.,2025-09-12 11:46:08
DAL,DeMarvion Overshown,LB,Oct 5,Out,Aug 26: The Cowboys placed Overshown (ACL) on the reserve/PUP list Tuesday.,2025-09-12 11:46:08
DAL,Jonathan Mingo,WR,Oct 5,Injured Reserve,"Aug 26: The Cowboys placed Mingo (knee) on injured reserve Tuesday, a transaction which rules him out for at least the first four games of the regular season.",2025-09-12 11:46:08
DAL,Rob Jones,G,Feb 9,Injured Reserve,"Aug 8: Jones (neck) was placed on season-ending injured reserve Friday, Nick Eatman of the Cowboys' official site reports.",2025-09-12 11:46:08
DAL,Josh Butler,CB,Oct 5,Out,"Jul 21: Butler (knee) was placed on the active/PUP list Monday, Calvin Watkins of the Dallas Morning News reports.",2025-09-12 11:46:08
DEN,Nate Adkins,TE,Sep 14,Questionable,Sep 11: Adkins (ankle) was a limited participant in Thursday's practice.,2025-09-12 11:46:08
DEN,Dre Greenlaw,LB,Sep 14,Questionable,"Sep 10: Greenlaw (quadriceps) did not participate at practice Wednesday, Zac Stevens of TheDNVR.com reports.",2025-09-12 11:46:08
DEN,Malcolm Roach,DT,Oct 5,Injured Reserve,"Sep 6: Roach (calf) was placed on injured reserve Saturday, Aric DiLalla of the Broncos' official site reports.",2025-09-12 11:46:08
DEN,Drew Sanders,LB,Oct 5,Injured Reserve,"Aug 27: Sanders (foot) was placed on injured reserve with a designation to return Tuesday, Aric DiLalla of the Broncos' official website reports.",2025-09-12 11:46:08
DEN,Michael Burton,FB,Feb 9,Injured Reserve,"Aug 26: Burton was placed on injured reserve by the Broncos on Tuesday, Aric DiLalla of the team's official website reports.",2025-09-12 11:46:08
DEN,Nick Gargiulo,G,Feb 9,Injured Reserve,"Aug 19: Head coach Sean Payton announced Tuesday that it was an ACL injury that landed Gargiulo on injured reserve, Aric DiLalla of the Broncos' official site reports.",2025-09-12 11:46:08
DEN,Matt Henningsen,DE,Feb 9,Injured Reserve,"Aug 11: Henningsen (Achilles) reverted to the Broncos' injured reserve Monday, Chris Tomasson of The Denver Gazette reports.",2025-09-12 11:46:08
DEN,Johnny Walker Jr.,LB,Feb 9,Injured Reserve,"Jul 31: Walker (undisclosed) was placed on injured reserve by the Broncos on Thursday, Aric DiLalla of the team's official site reports.",2025-09-12 11:46:08
DET,Taylor Decker,OT,Sep 14,Questionable,Sep 10: Decker (shoulder) didn't participate in Detroit's practice Wednesday.,2025-09-12 11:46:08
DET,Sione Vaki,RB,Sep 14,Questionable,Sep 10: Vaki (hamstring) was a limited participant in Wednesday's practice.,2025-09-12 11:46:08
DET,Trevor Nowaske,LB,Sep 14,Questionable,,2025-09-12 11:46:08
DET,Jamarco Jones,OT,Feb 9,Injured Reserve,"Sep 8: Head coach Dan Campbell said Monday that Jones (ankle) is out for the entire 2025 season, Colton Pouncy of The Athletic reports.",2025-09-12 11:46:08
DET,Miles Frazier,G,Oct 5,Out,Aug 27: The Lions placed Frazier (undisclosed) on the reserve/PUP list Tuesday.,2025-09-12 11:46:08
DET,Ezekiel Turner,LB,Feb 9,Injured Reserve,Aug 27: The Lions placed Turner (foot) on injured reserve Tuesday.,2025-09-12 11:46:08
DET,Josh Paschal,DE,Oct 5,Out,Aug 26: Paschal (undisclosed) was placed on the reserve/non-football injury list Tuesday.,2025-09-12 11:46:08
DET,Malcolm Rodriguez,LB,Oct 5,Out,Aug 26: Rodriguez (knee) was placed on the reserve/PUP list Tuesday.,2025-09-12 11:46:08
DET,Alim McNeill,DT,Dec 4,Out,Aug 26: McNeill (knee) was placed on the reserve/PUP list Tuesday.,2025-09-12 11:46:08
DET,Colby Sorsdal,OT,Feb 9,Injured Reserve,Aug 10: The Lions placed Sorsdal (undisclosed) on injured reserve Sunday.,2025-09-12 11:46:08
DET,Justin Herron,OT,Feb 9,Injured Reserve,Aug 10: The Lions placed Herron (undisclosed) on injured reserve Sunday.,2025-09-12 11:46:08
DET,Kenny Yeboah,TE,Feb 9,Injured Reserve,Aug 10: The Lions placed Yeboah (undisclosed) on injured reserve Sunday.,2025-09-12 11:46:08
DET,Ennis Rakestraw Jr.,CB,Feb 9,Injured Reserve,Aug 7: Rakestraw (shoulder) was placed on injured reserve Thursday.,2025-09-12 11:46:08
DET,Kye Robichaux,RB,Feb 9,Injured Reserve,"Aug 5: Robichaux (undisclosed) reverted to Detroit's injured reserve list Tuesday, per the NFL's transaction log.",2025-09-12 11:46:08
DET,Dan Jackson,S,Feb 9,Injured Reserve,Aug 4: The Lions placed Jackson (leg) on injured reserve Monday.,2025-09-12 11:46:08
DET,Levi Onwuzurike,DE,Feb 9,Out,"Jul 20: Onwuzurike will miss the 2025 NFL campaign after undergoing surgery for a torn ACL, Adam Schefter of ESPN reports.",2025-09-12 11:46:08
GNB,Jayden Reed,WR,Oct 26,Out,"Sep 12: Reed suffered a broken collarbone in the first quarter of Thursday's game against the Commanders, Zach Jacobson of 247Sports.com reports.",2025-09-12 11:46:08
GNB,Brenton Cox Jr.,DE,Oct 19,Injured Reserve,Sep 11: The Packers placed Cox (groin) on injured reserve Thursday.,2025-09-12 11:46:08
GNB,Aaron Banks,G,Sep 21,Out,"Sep 11: Banks (ankle/groin) is inactive for Thursday's game against the Commanders, Mike Spofford of the Packers' official site reports.",2025-09-12 11:46:08
GNB,Zach Tom,OT,Sep 21,Out,"Sep 11: Tom (oblique) is inactive for Thursday's game against the Commanders, Mike Spofford of the Packers' official site reports.",2025-09-12 11:46:08
GNB,Zayne Anderson,S,Sep 21,Out,"Sep 11: Anderson (knee) is inactive for Thursday's game against the Commanders, Mike Spofford of the Packers' official site reports.",2025-09-12 11:46:08
GNB,Ben Sims,TE,Sep 21,Out,"Sep 11: Sims (coach's decision) is inactive for Thursday's game against the Commanders, Mike Spofford of the Packers' official site reports.",2025-09-12 11:46:08
GNB,Bo Melton,CB,Sep 21,Out,,2025-09-12 11:46:08
GNB,Warren Brinson,DT,Sep 21,Out,,2025-09-12 11:46:08
GNB,Christian Watson,WR,Oct 12,Out,"Sep 9: Watson signed a one-year, $13.25 million contract extension with the Packers on Tuesday, Adam Schefter of ESPN reports.",2025-09-12 11:46:08
GNB,John Williams,G,Oct 12,Out,"Aug 27: The Packers placed Williams (back) on the reserve/PUP list Tuesday, Wes Hodklewickz of the team's official site reports.",2025-09-12 11:46:08
GNB,Jacob Monk,C,Oct 12,Injured Reserve,"Aug 27: The Packers placed Monk (hamstring) on injured reserve Tuesday with an injury designation, Wes Hodklewicz of the team's official site reports.",2025-09-12 11:46:08
GNB,Collin Oliver,DE,Oct 12,Out,"Aug 26: Oliver (hamstring) was placed on the reserve/PUP list by the Packers on Tuesday, Wes Hodkiewicz of the team's official website reports.",2025-09-12 11:46:08
GNB,MarShawn Lloyd,RB,Oct 12,Injured Reserve,"Aug 26: The Packers placed Lloyd (hamstring) on injured reserve with a designation to return Tuesday, Wes Hodkiewicz of the team's official site reports.",2025-09-12 11:46:08
GNB,Travis Glover,OT,Feb 9,Injured Reserve,"Aug 6: The Packers placed Glover (shoulder) on injured reserve Wednesday, Tom Silverstein of the Milwaukee Journal Sentinel reports.",2025-09-12 11:46:08
HOU,Christian Kirk,WR,Sep 15,Questionable,Sep 11: Kirk (hamstring) didn't practice Thursday.,2025-09-12 11:46:08
HOU,Braxton Berrios,WR,Sep 15,Questionable,"Sep 11: Berrios (hamstring) is not participating in Thursday's practice, Sam Warren of the Houston Chronicle reports.",2025-09-12 11:46:08
HOU,Cade Stover,TE,Oct 20,Injured Reserve,Sep 10: The Texans placed Stover (foot) on injured reserve Wednesday.,2025-09-12 11:46:08
HOU,Ed Ingram,G,Sep 15,Questionable,,2025-09-12 11:46:08
HOU,Jake Andrews,C,Sep 15,Questionable,"Sep 8: Andrews has a high-ankle sprain, and his return timetable is undetermined, Aaron Wilson of KPRC 2 Houston reports.",2025-09-12 11:46:08
HOU,Denico Autry,DE,Oct 5,Out,Aug 27: Autry (knee) was placed on the reserve/PUP list Tuesday.,2025-09-12 11:46:08
HOU,Joe Mixon,RB,Oct 5,Out,"Aug 27: Texans general manager Nick Caserio declined to answer in the affirmative when asked Wednesday whether Mixon (foot/ankle) will suit up this season, DJ Bien-Aime of ESPN reports.",2025-09-12 11:46:08
HOU,Alijah Huzzie,CB,Oct 5,Out,Aug 27: Huzzie (undisclosed) was placed on the reserve/non-football injury list Tuesday.,2025-09-12 11:46:08
HOU,Jaylen Reed,S,Oct 5,Injured Reserve,Aug 27: Reed (ankle) was placed on injured reserve with a designation to return Tuesday.,2025-09-12 11:46:08
HOU,Irv Smith Jr.,TE,Feb 9,Injured Reserve,Aug 26: The Texans placed Smith (ankle) on injured reserve Tuesday.,2025-09-12 11:46:08
HOU,Tank Dell,WR,Oct 5,Out,Aug 26: The Texans placed Dell (knee) on the reserve/PUP list Tuesday.,2025-09-12 11:46:08
HOU,Jimmie Ward,S,Sep 15,Out,"Aug 26: The Texans placed Ward (undisclosed) on the Commissioner Exempt List on Tuesday, Tom Pelissero of NFL Network reports.",2025-09-12 11:46:08
HOU,Brevin Jordan,TE,Feb 9,Injured Reserve,"Aug 12: The Texans (knee) announced Tuesday that Jordan (knee) will be placed on IR, Jonathan M. Alexander of the Houston Chronicle reports.",2025-09-12 11:46:08
HOU,Kyonte Hamilton,DT,Feb 9,Injured Reserve,Aug 1: Houston placed Hamilton (ankle) on its injured reserve list Friday.,2025-09-12 11:46:08
HOU,Kurt Hinish,DT,Oct 5,Out,Jul 23: Hinish (undisclosed) was placed on the active/PUP list by the Texans on Wednesday.,2025-09-12 11:46:08
IND,Tyler Goodson,RB,Sep 14,Questionable,Sep 11: Goodson (elbow) was limited in practice Thursday.,2025-09-12 11:46:08
IND,Jaylon Jones,CB,Sep 14,Questionable,Sep 10: Jones didn't participate in Indianapolis' practice Wednesday.,2025-09-12 11:46:08
IND,Charvarius Ward,CB,Sep 14,Questionable,Sep 10: Ward (concussion) was a non-participant in Wednesday's practice.,2025-09-12 11:46:08
IND,Laiatu Latu,DE,Sep 14,Questionable,,2025-09-12 11:46:08
IND,Jaylon Carlies,LB,Oct 5,Injured Reserve,"Aug 26: The Colts placed Carlies (ankle) on injured reserve with a designation to return Tuesday, Amanda Foster of the team's official site reports.",2025-09-12 11:46:08
IND,Hunter Wohler,S,Feb 9,Injured Reserve,Aug 18: Wohler (foot) was put on injured reserve by the Colts on Monday.,2025-09-12 11:46:08
IND,Jacob Phillips,LB,Feb 9,Injured Reserve,Aug 18: Phillips (biceps) was placed on injured reserve by the Colts on Monday.,2025-09-12 11:46:08
IND,Blake Freeland,OT,Feb 9,Injured Reserve,Aug 18: Freeland (leg) was placed on injured reserve by the Colts on Monday.,2025-09-12 11:46:08
IND,D.J. Montgomery,WR,Feb 9,Injured Reserve,Aug 13: The Colts placed Montgomery (undisclosed) on the injured reserve list Wednesday.,2025-09-12 11:46:08
IND,Justin Walley,CB,Feb 9,Injured Reserve,Aug 8: Walley (knee) was placed  on injured reserve Friday.,2025-09-12 11:46:08
IND,Salvon Ahmed,RB,Feb 9,Injured Reserve,Aug 8: The Colts placed Ahmed (ankle) on injured reserve Friday.,2025-09-12 11:46:08
IND,Jack Wilson,OT,Feb 9,Injured Reserve,Jul 28: Wilson (undisclosed) was placed on injured reserve by the Colts on Monday.,2025-09-12 11:46:08
JAX,Foyesade Oluokun,LB,Sep 14,Questionable,Sep 11: Oluokun (illness) did not practice Thursday.,2025-09-12 11:46:08
JAX,Montaric Brown,CB,Sep 14,Questionable,Sep 10: Brown (ankle) was a limited participant in Wednesday's practice.,2025-09-12 11:46:08
JAX,Wyatt Milum,G,Sep 14,Questionable,,2025-09-12 11:46:08
JAX,Jalen McLeod,LB,Oct 6,Injured Reserve,Aug 27: McLeod (lower body) was placed on injured reserve with a designation to return Tuesday.,2025-09-12 11:46:08
JAX,Caleb Ransaw,CB,Feb 9,Injured Reserve,Aug 27: Jacksonville placed Ransaw (lower body) on its injured reserve list Tuesday.,2025-09-12 11:46:08
JAX,Joshua Cephus,WR,Feb 9,Injured Reserve,"Aug 21: Cephus (undisclosed) reverted to injured reserve with the Jaguars on Thursday, Aaron Wilson of KPRC 2 Houston reports.",2025-09-12 11:46:08
JAX,Cooper Hodges,OT,Oct 6,Out,"Jun 6: Hodges (knee) cleared waivers and reverted to Jacksonville's PUP list Thursday, Demetrius Harvey of The Florida Times-Union reports.",2025-09-12 11:46:08
KAN,Xavier Worthy,WR,Sep 14,Questionable,Sep 11: Worthy (shoulder) was limited at practice Thursday.,2025-09-12 11:46:08
KAN,Jalen Royals,WR,Sep 14,Questionable,"Sep 11: Royals (knee) will not practice Thursday, Matt McMullen of the Chiefs' official site reports.",2025-09-12 11:46:08
KAN,Nazeeh Johnson,S,Oct 6,Injured Reserve,Aug 27: Johnson (shoulder) was placed on injured reserve Tuesday with a designation to return.,2025-09-12 11:46:08
KAN,Brandon George,LB,Feb 9,Injured Reserve,Aug 27: George (undisclosed) was placed on injured reserve Tuesday.,2025-09-12 11:46:08
KAN,Ethan Driskell,OT,Oct 6,Out,Aug 27: Driskell (appendix) was placed on the reserve/non-football injury list Tuesday.,2025-09-12 11:46:08
KAN,Jake Briningstool,TE,Oct 6,Injured Reserve,"Aug 26: The Chiefs placed Briningstool (hamstring) on injured reserve Tuesday with a designation to return, per the NFL's transaction log.",2025-09-12 11:46:08
KAN,Felix Anudike-Uzomah,DE,Feb 9,Injured Reserve,Aug 18: Anudike-Uzomah (hamstring) was placed on injured reserve by the Chiefs on Monday.,2025-09-12 11:46:08
KAN,Deon Bush,S,Feb 9,Injured Reserve,Aug 11: The Chiefs placed Bush (Achilles) on injured reserve Monday.,2025-09-12 11:46:08
KAN,Janarius Robinson,DE,Feb 9,Injured Reserve,Aug 11: Kansas City placed Robinson (foot) on its injured reserve list Monday.,2025-09-12 11:46:08
KAN,Eric Scott Jr.,CB,Feb 9,Injured Reserve,"Aug 3: Scott (undisclosed) reverted to injured reserve with Kansas City on Saturday, Aaron Wilson of KPRC 2 Houston reports.",2025-09-12 11:46:08
KAN,Keaontay Ingram,RB,Feb 9,Injured Reserve,"May 16: Ingram (undisclosed) reverted to injured reserve Friday, Aaron Wilson of KPRC 2 Houston reports.",2025-09-12 11:46:08
KAN,BJ Thompson,DE,Feb 9,Out,May 6: nfi-r,2025-09-12 11:46:08
LAC,Elandon Roberts,LB,Sep 15,Questionable,Sep 11: Roberts (elbow) did not practice Thursday.,2025-09-12 11:46:08
LAC,Brock Bowers,TE,Sep 15,Questionable,"Sep 11: Bowers (knee) didn't participate in Thursday's practice, Vincent Bonsignore of the Las Vegas Review-Journal reports.",2025-09-12 11:46:08
LAC,Lonnie Johnson Jr.,CB,Oct 5,Injured Reserve,Aug 27: The Raiders placed Johnson (leg) on injured reserve Tuesday.,2025-09-12 11:46:08
LAC,Aidan O'Connell,QB,Oct 5,Injured Reserve,"Aug 27: The Raiders are placing O'Connell (wrist) on injured reserve, Ryan McFadden of ESPN.com reports.",2025-09-12 11:46:08
LAR,Elijah Molden,CB,Sep 15,Questionable,Sep 11: Molden (hamstring) was limited in Thursday's practice.,2025-09-12 11:46:08
LAR,Tarheeb Still,CB,Sep 15,Questionable,Sep 11: Still (calf) was limited in Thursday's practice.,2025-09-12 11:46:08
LAR,Denzel Perryman,LB,Sep 15,Questionable,Sep 11: Perryman (ankle) did not participate in Thursday's practice.,2025-09-12 11:46:08
LAR,Del'Shawn Phillips,LB,Sep 15,Questionable,,2025-09-12 11:46:08
LAR,Eric Rogers,CB,Oct 5,Injured Reserve,Aug 27: Rogers (undisclosed) was placed on injured reserve by the Chargers on Wednesday.,2025-09-12 11:46:08
LAR,Deane Leonard,CB,Oct 5,Injured Reserve,Aug 27: Leonard (leg) was placed on injured reserve with a designation to return Wednesday.,2025-09-12 11:46:08
LAR,Josh Harris,LS,Oct 5,Injured Reserve,Aug 27: Harris (undisclosed) was placed on injured reserve with a designation to return Tuesday.,2025-09-12 11:46:08
LAR,Junior Colson,LB,Feb 9,Injured Reserve,"Aug 27: The Chargers placed Colson (shoulder) on injured reserve Tuesday, ruling him out for the entire 2025 season,",2025-09-12 11:46:08
LAR,Jordan Oladokun,CB,Feb 9,Injured Reserve,"Aug 15: Oladokun (undisclosed) reverted to the Chargers' injured reserve list Friday, per the NFL's transaction log.",2025-09-12 11:46:08
LAR,Rashawn Slater,OT,Feb 9,Injured Reserve,Aug 9: The Chargers placed Slater (knee) on injured reserve Saturday.,2025-09-12 11:46:08
LAR,Josh Fuga,DT,Feb 9,Injured Reserve,"Aug 5: Fuga (undisclosed) reverted to the Chargers' injured reserve Tuesday, per the NFL's transaction log.",2025-09-12 11:46:08
LVR,Kevin Dotson,G,Sep 14,Questionable,"Sep 11: Dotson (ankle) was a limited participant at practice Thursday, Adam Grosbard of The Orange County Register reports.",2025-09-12 11:46:08
LVR,Steve Avila,G,Sep 14,Questionable,"Sep 11: Avila (ankle) was a non-participant at practice Thursday, Adam Grosbard of The Orange County Register reports.",2025-09-12 11:46:08
LVR,Rob Havenstein,OT,Sep 14,Questionable,"Sep 11: Havenstein (ankle) was a limited participant at practice Thursday, Adam Grosbard of The Orange County Register reports.",2025-09-12 11:46:08
LVR,Colby Parkinson,TE,Sep 14,Questionable,"Sep 11: Parkinson (shoulder) did not participate in Thursday's practice, Adam Grosbard of The Orange County Register reports.",2025-09-12 11:46:08
LVR,Keir Thomas,LB,Feb 9,Injured Reserve,Aug 19: The Rams placed Thomas (undisclosed) on injured reserve Tuesday.,2025-09-12 11:46:08
MIA,Jaylen Wright,RB,Sep 14,Questionable,"Sep 11: Wright (knee) was a limited participant in practice Thursday, Travis Wingfield of the Dolphins' official site reports.",2025-09-12 11:46:08
MIA,Jaylen Waddle,WR,Sep 14,Questionable,"Sep 11: Waddle (shoulder) was a limited participant in Thursday's practice, Travis Wingfield of the Dolphins' official site reports.",2025-09-12 11:46:08
MIA,Darren Waller,TE,Sep 14,Questionable,"Sep 11: Waller (hip) remained a non-participant in practice Thursday, Alain Poupart of SI.com reports.",2025-09-12 11:46:08
MIA,Ashtyn Davis,S,Sep 14,Questionable,,2025-09-12 11:46:08
MIA,Austin Jackson,G,Sep 14,Questionable,"Sep 10: The Dolphins are preparing to be without Jackson (toe) in Sunday's Week 2 matchup against the Jets, David Furones of the South Florida Sun Sentinel reports.",2025-09-12 11:46:08
MIA,James Daniels,G,Oct 12,Injured Reserve,Sep 9: The Dolphins placed Daniels (pectoral) on injured reserve Tuesday.,2025-09-12 11:46:08
MIA,Ethan Bonner,CB,Sep 14,Questionable,,2025-09-12 11:46:08
MIA,Benito Jones,DT,Sep 14,Questionable,"Sep 8: Head coach Mike McDaniel told reporters Monday that Jones is considered week-to-week with an oblique injury, Marcel Louis-Jacques of ESPN.com reports.",2025-09-12 11:46:08
MIA,Storm Duck,CB,Sep 14,Questionable,"Sep 8: Head coach Mike McDaniel told reporters Monday that Duck (ankle) is expected to miss a couple weeks, David Furones of the South Florida Sun Sentinel reports.",2025-09-12 11:46:08
MIA,Cam Smith,CB,Oct 5,Out,"Aug 27: Smith (undisclosed) was placed on the reserve/non-football injury list Wednesday, Cameron Wolfe of NFL Network reports.",2025-09-12 11:46:08
MIA,Liam Eichenberg,OT,Oct 5,Out,Aug 27: Eichenberg (undisclosed) was placed on the reserve/PUP list by the Dolphins on Tuesday.,2025-09-12 11:46:08
MIA,Andrew Meyer,C,Oct 5,Injured Reserve,"Aug 27: Meyer (undisclosed) was placed on injured reserve by the Dolphins on Tuesday, though he was designated to return.",2025-09-12 11:46:08
MIA,Jason Sanders,PK,Oct 5,Injured Reserve,"Aug 26: The Dolphins placed Sanders (hip) on injured reserve Tuesday, ruling him out for at least the first four games of the regular season.",2025-09-12 11:46:08
MIA,Yodny Cajuste,OT,Feb 9,Injured Reserve,"Aug 20: Cajuste (undisclosed) was placed on injured reserve Tuesday, Aaron Wilson of KPRC 2 Houston reports.",2025-09-12 11:46:08
MIA,Germain Ifedi,G,Feb 9,Injured Reserve,Aug 14: Ifedi (undisclosed) was placed on injured reserve Thursday.,2025-09-12 11:46:08
MIA,Alexander Mattison,RB,Feb 9,Injured Reserve,"Aug 12: Mattison (neck), who was placed on season-ending IR on Monday, does not have a career-ending injury, David Furones of the South Florida Sun Sentinel reports.",2025-09-12 11:46:08
MIA,Jalin Conyers,TE,Feb 9,Injured Reserve,Aug 4: The Dolphins placed Conyers on injured reserve Monday due to a leg injury.,2025-09-12 11:46:08
MIA,Kader Kohou,CB,Feb 9,Injured Reserve,Aug 1: The Dolphins placed Kohou (knee) on injured reserve Friday.,2025-09-12 11:46:08
MIA,Obinna Eze,OT,Feb 9,Injured Reserve,Jul 31: Eze (undisclosed) was placed on injured reserve Wednesday.,2025-09-12 11:46:08
MIA,Artie Burns,CB,Feb 9,Injured Reserve,Jul 24: The Dolphins placed Burns on injured reserve Thursday due to a torn ACL.,2025-09-12 11:46:08
MIA,Jason Maitre,CB,Feb 9,Injured Reserve,May 27: The Dolphins placed Maitre (undisclosed) on the injured reserve list Tuesday.,2025-09-12 11:46:08
MIN,Ryan Kelly,C,Sep 14,Questionable,Sep 11: Kelly (toe) did not participate in Thursday's practice.,2025-09-12 11:46:08
MIN,Christian Darrisaw,OT,Sep 14,Questionable,Sep 11: Darrisaw (knee) was a limited participant in Thursday's practice.,2025-09-12 11:46:08
MIN,Jeff Okudah,CB,Sep 14,Questionable,Sep 11: Okudah (concussion) did not practice Thursday.,2025-09-12 11:46:08
MIN,Isaiah Rodgers,CB,Sep 14,Questionable,Sep 11: Rodgers (elbow) was limited in Thursday's practice.,2025-09-12 11:46:08
MIN,Zavier Scott,RB,Sep 14,Questionable,Sep 11: Scott (ankle) was limited in Thursday's practice.,2025-09-12 11:46:08
MIN,Harrison Smith,S,Sep 14,Questionable,Sep 11: Smith (illness) was limited in Thursday's practice.,2025-09-12 11:46:08
MIN,Andrew Van Ginkel,LB,Sep 14,Questionable,Sep 11: Van Ginkel (concussion) did not practice Thursday.,2025-09-12 11:46:08
MIN,Josh Oliver,TE,Sep 14,Questionable,Sep 11: Oliver (ankle) didn't practice Thursday.,2025-09-12 11:46:08
MIN,Ty Chandler,RB,Oct 19,Injured Reserve,Sep 11: Chandler (knee) was placed on injured reserve Thursday.,2025-09-12 11:46:08
MIN,Blake Cashman,LB,Oct 19,Injured Reserve,Sep 11: Cashman (hamstring) was placed on injured reserve Thursday.,2025-09-12 11:46:08
MIN,Myles Price,WR,Sep 14,Questionable,Sep 10: Price averaged 17.0 yards on four punt returns and 24.5 yards on three kickoff returns in Monday's win at Chicago.,2025-09-12 11:46:08
MIN,Tyler Batty,LB,Oct 5,Injured Reserve,Aug 27: Batty (knee) was placed on injured reserve Tuesday.,2025-09-12 11:46:08
MIN,Gavin Bartholomew,TE,Oct 5,Out,Aug 26: Bartholomew (back) was placed on the reserve/PUP list Tuesday.,2025-09-12 11:46:08
MIN,C.J. Ham,FB,Oct 5,Injured Reserve,Aug 26: Ham (undisclosed) was placed on injured reserve Tuesday.,2025-09-12 11:46:08
MIN,Zeke Correll,C,Feb 9,Injured Reserve,"Aug 13: Correll (ankle) reverted to the Vikings' injured reserve list Wednesday, Aaron Wilson of KPRC 2 Houston reports.",2025-09-12 11:46:08
MIN,Rondale Moore,WR,Feb 9,Injured Reserve,Aug 12: The Vikings placed Moore (knee) on injured reserve Tuesday.,2025-09-12 11:46:08
MIN,Matt Nelson,OT,Feb 9,Injured Reserve,Aug 11: Nelson (undisclosed) was placed on the Vikings' injured reserve Monday.,2025-09-12 11:46:08
MIN,Alex Williams,DE,Feb 9,Injured Reserve,"Aug 1: Williams (undisclosed) reverted to the Vikings' injured-reserve list Friday, Aaron Wilson of KPRC 2 Houston reports.",2025-09-12 11:46:08
NWE,Harold Landry III,LB,Sep 14,Questionable,Sep 11: Landry (foot) was limited in practice Thursday.,2025-09-12 11:46:08
NWE,Kayshon Boutte,WR,Sep 14,Questionable,Sep 11: Boutte (shoulder) remained limited at practice Thursday.,2025-09-12 11:46:08
NWE,Christian Gonzalez,CB,Sep 14,Questionable,"Sep 11: Gonzalez (hamstring) remained sidelined at Thursday's practice, Mark Daniels of MassLive reports.",2025-09-12 11:46:08
NWE,Christian Elliss,LB,Sep 14,Questionable,Sep 10: Elliss (shoulder) was a limited participant at practice Wednesday.,2025-09-12 11:46:08
NWE,Keion White,DE,Sep 14,Questionable,,2025-09-12 11:46:08
NWE,Marte Mapu,LB,Sep 14,Questionable,,2025-09-12 11:46:08
NWE,Morgan Moses,OT,Sep 14,Questionable,,2025-09-12 11:46:08
NWE,Layden Robinson,G,Feb 9,Injured Reserve,"Aug 27: Robinson (undisclosed) was reverted to IR by the Patriots on Wednesday, per the NFL's official transaction log.",2025-09-12 11:46:08
NWE,Jahlani Tavai,LB,Oct 5,Injured Reserve,Aug 27: Tavai (undisclosed) was placed on injured reserve Tuesday.,2025-09-12 11:46:08
NWE,Ja'Lynn Polk,WR,Feb 9,Injured Reserve,Aug 26: The Patriots placed Polk (shoulder) on injured reserve Tuesday.,2025-09-12 11:46:08
NWE,Isaiah Iton,DT,Feb 9,Injured Reserve,"Aug 19: Iton (hip) reverted to New England's injured reserve list Tuesday, Aaron Wilson of KPRC 2 Houston reports.",2025-09-12 11:46:08
NWE,Deneric Prince,RB,Feb 9,Injured Reserve,,2025-09-12 11:46:08
NWE,Lan Larison,RB,Feb 9,Injured Reserve,"Aug 10: The Patriots placed Larison (foot) on injured reserve Sunday, Doug Kyed of the Boston Herald reports.",2025-09-12 11:46:08
NWE,Marcellas Dial Jr.,CB,Feb 9,Injured Reserve,"Aug 5: The Patriots placed Dial (knee) on injured reserve Tuesday, Mike Reiss of ESPN.com reports.",2025-09-12 11:46:08
NWE,Jaquelin Roy,DT,Feb 9,Injured Reserve,"Aug 5: The Patriots placed Roy (undisclosed) on injured reserve Tuesday, Mike Reiss of ESPN.com reports.",2025-09-12 11:46:08
NWE,Yasir Durant,OT,Feb 9,Injured Reserve,"Jul 31: Durant (undisclosed) reverted to the Patriots' injured-reserve list Thursday, Doug Kyed of the Boston Herald reports.",2025-09-12 11:46:08
NWE,Brock Lampe,FB,Feb 9,Injured Reserve,Jul 29: The Patriots placed Lampe on injured reserve Tuesday due to an undisclosed injury.,2025-09-12 11:46:08
NOR,Taliese Fuaga,OT,Sep 14,Questionable,Sep 11: Fuaga (knee) was a limited participant in Thursday's practice.,2025-09-12 11:46:08
NOR,Trevor Penning,OT,Sep 14,Questionable,"Sep 10: Penning (toe) did not participate at practice Wednesday, John Hendrix of AthlonSports.com reports.",2025-09-12 11:46:08
NOR,Chase Young,DE,Sep 14,Questionable,"Sep 10: Young (calf) did not participate in Wednesday's practice, John Hendrix of AthlonSports.com reports.",2025-09-12 11:46:08
NOR,Julian Blackmon,S,Oct 12,Out,"Sep 10: Blackmon will undergo surgery to address the shoulder injury he suffered during Sunday's 20-13 loss versus the Cardinals, Matthew Paras of The New Orleans Times-Picayune reports.",2025-09-12 11:46:08
NOR,Zach Wood,LS,Sep 14,Questionable,,2025-09-12 11:46:08
NOR,Velus Jones Jr.,RB,Sep 14,Questionable,,2025-09-12 11:46:08
NOR,Barry Wesley,OT,Oct 5,Injured Reserve,"Aug 27: New Orleans placed Wesley (undisclosed) on its injured reserve list with a designation to return Tuesday, Ross Jackson of WWL Louisiana reports.",2025-09-12 11:46:08
NOR,Landon Young,OT,Feb 9,Injured Reserve,"Aug 27: New Orleans placed Young (ankle) on its injured reserve list Tuesday, Ross Jackson of WWL Louisiana reports.",2025-09-12 11:46:08
NOR,Foster Moreau,TE,Oct 5,Out,"Aug 26: The Saints placed Moreau (knee) on the reserve/PUP list Tuesday, Ross Jackson of WWL Louisiana reports.",2025-09-12 11:46:08
NOR,Taysom Hill,TE,Oct 5,Out,"Aug 26: The Saints placed Hill (ACL) on the reserve/PUP list Tuesday, Nick Underhill of NewOrleans.Football reports.",2025-09-12 11:46:08
NOR,John Ridgeway III,DT,Oct 5,Injured Reserve,"Aug 26: The Saints placed Ridgeway (pectoral) on injured reserve Tuesday, Katherine Terrell of ESPN.com reports.",2025-09-12 11:46:08
NOR,Mason Pline,TE,Feb 9,Injured Reserve,"Aug 13: Pline (upper body) reverted to injured reserve with the Saints on Wednesday, Aaron Wilson of KPRC 2 Houston reports.",2025-09-12 11:46:08
NOR,Bub Means,WR,Feb 9,Injured Reserve,"Aug 13: The Saints placed Means (lower leg) on the injured reserve list Wednesday, Ross Jackson of WWL Louisiana reports.",2025-09-12 11:46:08
NOR,Will Clapp,C,Feb 9,Injured Reserve,"Aug 12: Clapp (foot) was placed on the Saints' injured reserve list Tuesday, Ross Jackson of WWL Louisiana reports.",2025-09-12 11:46:08
NOR,Nick Saldiveri,OT,Feb 9,Injured Reserve,"Aug 3: Saldiveri (knee) was placed on injured reserve Saturday, Mike Triplett of NewOrleans.Football reports.",2025-09-12 11:46:08
NYG,Anthony Johnson Jr.,S,Oct 5,Out,,2025-09-12 11:46:08
NYG,Micah McFadden,LB,Oct 9,Injured Reserve,Sep 11: The Giants placed McFadden (foot) on injured reserve Thursday.,2025-09-12 11:46:08
NYG,Wan'Dale Robinson,WR,Sep 14,Questionable,"Sep 11: Robinson (ankle) was a limited participant in Thursday's practice, Dan Salomone of the Giants' official site reports.",2025-09-12 11:46:08
NYG,Andrew Thomas,OT,Sep 14,Questionable,"Sep 11: Thomas (foot) was a limited participant in Thursday's practice, Dan Salomone of the Giants' official site reports.",2025-09-12 11:46:08
NYG,Rakeem Nunez-Roches,DT,Sep 14,Questionable,,2025-09-12 11:46:08
NYG,Darius Slayton,WR,Sep 14,Questionable,"Sep 11: Slayton was a limited participant in Thursday's practice due to a groin injury, Dan Salomone of the Giants' official site reports.",2025-09-12 11:46:08
NYG,Demetrius Flannigan-Fowles,LB,Sep 14,Questionable,,2025-09-12 11:46:08
NYG,Rico Payton,CB,Oct 5,Injured Reserve,"Aug 29: The Giants placed Payton (undisclosed) on their injured reserve list Friday, Dan Salomone and Matt Citak of the team's official site report.",2025-09-12 11:46:08
NYG,Joshua Ezeudu,G,Oct 5,Injured Reserve,"Aug 27: Ezeudu (undisclosed) was placed on injured reserve with a designation to return Tuesday, Dan Salomone of the Giants' official website reports.",2025-09-12 11:46:08
NYG,Da'Quan Felton,WR,Feb 9,Injured Reserve,"Aug 27: Felton (undisclosed) reverted to injured reserve with the Giants on Wednesday, per the NFL's official transaction log.",2025-09-12 11:46:08
NYG,Victor Dimukeje,LB,Oct 5,Out,"Aug 26: Dimukeje (pectoral) was moved to the reserve/PUP list by the Giants on Tuesday, Dan Salomone of the team's official website reports.",2025-09-12 11:46:08
NYG,Eric Gray,RB,Oct 5,Out,"Aug 26: Gray was moved to the reserve/PUP list by the Giants on Tuesday, Dan Salomone of the team's official website reports.",2025-09-12 11:46:08
NYG,TJ Moore,CB,Feb 9,Injured Reserve,Aug 24: The Giants placed Moore (upper leg) on injured reserve Sunday.,2025-09-12 11:46:08
NYG,Bryce Ford-Wheaton,WR,Feb 9,Injured Reserve,"Jul 28: The Giants placed Ford-Wheaton (Achilles) on injured reserve Monday, Dan Salomone of the team's official site reports.",2025-09-12 11:46:08
NYJ,Josh Reynolds,WR,Sep 14,Questionable,"Sep 11: Reynolds (hamstring) didn't practice Thursday, Rich Cimini of ESPN.com reports.",2025-09-12 11:46:08
NYJ,Mason Taylor,TE,Sep 14,Questionable,"Sep 11: Taylor (ankle) was a limited participant in practice Thursday, Rich Cimini of ESPN.com reports.",2025-09-12 11:46:08
NYJ,Sauce Gardner,CB,Sep 14,Questionable,"Sep 11: Gardner (groin) was limited in practice Thursday, Rich Cimini of ESPN.com reports.",2025-09-12 11:46:08
NYJ,Kene Nwangwu,RB,Sep 14,Questionable,"Sep 10: Nwangwu (hamstring) did not participate in Wednesday's practice, Rich Cimini of ESPN.com reports.",2025-09-12 11:46:08
NYJ,Jay Tufele,DT,Sep 14,Questionable,,2025-09-12 11:46:08
NYJ,Michael Carter II,CB,Sep 14,Questionable,,2025-09-12 11:46:08
NYJ,Alijah Vera-Tucker,G,Feb 9,Injured Reserve,"Sep 6: Vera-Tucker (triceps) was placed on injured reserve Saturday, Rich Cimini of ESPN.com reports.",2025-09-12 11:46:08
NYJ,Ja'Markis Weston,DE,Oct 5,Injured Reserve,"Aug 27: The Jets placed Weston (undisclosed) on injured reserve Tuesday with a designation to return, Randy Lange and Eric Allen of the team's official site reports.",2025-09-12 11:46:08
NYJ,Byron Cowart,DT,Feb 9,Injured Reserve,"Aug 27: The Jets placed Cowart (ankle) on injured reserve Tuesday, Randy Lange and Eric Allen of the team's official site reports.",2025-09-12 11:46:08
NYJ,Irvin Charles,WR,Oct 5,Out,Aug 26: The Jets placed Charles (knee) on the reserve/PUP list Tuesday.,2025-09-12 11:46:08
NYJ,Kris Boyd,CB,Feb 9,Injured Reserve,Aug 18: The Jets placed Boyd (shoulder) on injured reserve Monday.,2025-09-12 11:46:08
NYJ,Gus Hartwig,C,Feb 9,Injured Reserve,"Jul 31: Hartwig (undisclosed) reverted to the Jets' injured-reserve list Wednesday, Aaron Wilson of KPRC 2 Houston reports.",2025-09-12 11:46:08
PHI,Tanner McKee,QB,Sep 14,Questionable,Sep 11: McKee (thumb) did not participate in Thursday's practice.,2025-09-12 11:46:08
PHI,Will Shipley,RB,Sep 14,Questionable,Sep 11: Shipley (oblique) didn't take part in practice Thursday.,2025-09-12 11:46:08
PHI,Cameron Williams,OT,Sep 14,Questionable,,2025-09-12 11:46:08
PHI,Dallas Goedert,TE,Sep 14,Questionable,"Sep 11: Goedert (knee) was a non-participant at Thursday's practice, Martin Frank of The Delaware News Journal reports.",2025-09-12 11:46:08
PHI,Ben VanSumeren,FB,Oct 9,Injured Reserve,"Sep 5: VanSumeren was diagnosed with a torn patella tendon Friday, Adam Schefter of ESPN reports.",2025-09-12 11:46:08
PHI,Willie Lampkin,C,Oct 5,Injured Reserve,Aug 29: The Eagles placed Lampkin (leg) on injured reserve Friday.,2025-09-12 11:46:08
PHI,Lewis Cine,S,Feb 9,Injured Reserve,"Aug 27: Cine (groin) reverted to the Eagles' injured reserve list Wednesday, according to the NFL's official transaction log.",2025-09-12 11:46:08
PHI,Myles Hinton,OT,Oct 5,Injured Reserve,Aug 27: Hinton (undisclosed) was placed on injured reserve Tuesday.,2025-09-12 11:46:08
PHI,Nakobe Dean,LB,Oct 5,Out,Aug 26: Dean (knee) was moved to the reserve/PUP list Tuesday.,2025-09-12 11:46:08
PHI,Johnny Wilson,WR,Feb 9,Injured Reserve,"Aug 22: The Eagles placed Wilson (knee) on injured reserve Friday, Jeff McLane of The Philadelphia Inquirer reports.",2025-09-12 11:46:08
PIT,Joey Porter Jr.,CB,Sep 14,Questionable,"Sep 11: Porter (hamstring) did not participate in Thursday's practice, Brooke Pryor of ESPN.com reports.",2025-09-12 11:46:08
PIT,Malik Harrison,LB,Oct 16,Injured Reserve,"Sep 10: Harrison (knee) was placed on injured reserve Wednesday, Teresa Varley of the Steelers' official site reports.",2025-09-12 11:46:08
PIT,Skylar Thompson,QB,Oct 16,Injured Reserve,"Sep 10: Thompson (hamstring) was placed on injured reserve Wednesday, Teresa Varley of the Steelers' official site reports.",2025-09-12 11:46:08
PIT,Derrick Harmon,DT,Sep 21,Out,"Sep 9: Head coach Mike Tomlin announced Tuesday that Harmon (knee) has been ruled out for the Steelers' Week 2 contest against the Seahawks on Sunday, Alan Saunders of SteelersNow.com reports.",2025-09-12 11:46:08
PIT,DeShon Elliott,S,Sep 21,Out,"Sep 9: Elliott (knee) has been ruled out for the Steelers' Week 2 contest against the Seahawks on Sunday, Teresa Varley of the Steelers' official site reports.",2025-09-12 11:46:08
PIT,Donte Kent,CB,Oct 12,Injured Reserve,"Aug 28: The Steelers placed Kent on injured reserve Thursday due to a foot injury, Teresa Varley of the team's official site reports.",2025-09-12 11:46:08
PIT,Will Howard,QB,Oct 12,Injured Reserve,"Aug 28: The Steelers placed Howard (hand) on injured reserve Thursday, Teresa Varley of the team's official site reports.",2025-09-12 11:46:08
PIT,Domenique Davis,DT,Feb 9,Injured Reserve,"Aug 27: Davis (undisclosed) reverted to injured reserve with the Steelers on Wednesday, Alan Saunders of SteelersNow.com reports.",2025-09-12 11:46:08
PIT,Cory Trice Jr.,CB,Oct 5,Injured Reserve,"Aug 27: Trice (hamstring) was placed on injured reserve Tuesday, Teresa Varley of Steelers.com reports.",2025-09-12 11:46:08
PIT,Gareth Warren,OT,Feb 9,Injured Reserve,"Aug 20: Warren (concussion) reverted to Pittsburgh's injured reserve Wednesday, Alan Saunders of SteelersNow.com reports.",2025-09-12 11:46:08
PIT,Dean Lowry,DT,Feb 9,Injured Reserve,"Aug 3: Lowry was placed on injured reserve due to a knee injury Saturday, Ray Fittipaldo of the Pittsburgh Post-Gazette reports.",2025-09-12 11:46:08
PIT,Jacob Slade,DT,Feb 9,Injured Reserve,,2025-09-12 11:46:08
PIT,Donald Parham Jr.,TE,Feb 9,Injured Reserve,"Jun 5: Parham (Achilles) was placed on injured reserve by the Steelers on Thursday, Mike DeFabo of The Athletic reports.",2025-09-12 11:46:08
SFO,Yetur Gross-Matos,DE,Sep 14,Questionable,"Sep 11: Gross-Matos (knee) was a limited participant in Thursday's practice, Vic Tafur of The Athletic reports.",2025-09-12 11:46:08
SFO,Jordan Watkins,WR,Sep 14,Questionable,"Sep 11: Watkins (ankle) was a limited participant in Thursday's practice, Vic Tafur of The Athletic reports.",2025-09-12 11:46:08
SFO,Jordan James,RB,Sep 14,Questionable,"Sep 11: James (finger) was a limited participant in Thursday's practice, Vic Tafur of The Athletic reports.",2025-09-12 11:46:08
SFO,Jauan Jennings,WR,Sep 14,Questionable,"Sep 11: Jennings (shoulder) officially didn't practice Thursday, Nick Wagoner of ESPN.com reports.",2025-09-12 11:46:08
SFO,Brock Purdy,QB,Sep 14,Doubtful,"Sep 11: Purdy, whom head coach Kyle Shanahan has called a ""longshot"" to play Sunday against the Saints, could miss 2-to-5 weeks with a turf toe variant, Ian Rapoport of NFL Network reports.",2025-09-12 11:46:08
SFO,Ben Bartch,G,Sep 14,Questionable,,2025-09-12 11:46:08
SFO,George Kittle,TE,Oct 12,Injured Reserve,Sep 9: The 49ers placed Kittle (hamstring) on injured reserve Tuesday.,2025-09-12 11:46:08
SFO,Jakob Robinson,CB,Feb 9,Injured Reserve,Aug 27: Robinson (forearm) was placed on injured reserve Tuesday.,2025-09-12 11:46:08
SFO,Jacob Cowing,WR,Oct 2,Injured Reserve,Aug 27: The 49ers placed Cowing (hamstring) on injured reserve Wednesday.,2025-09-12 11:46:08
SFO,Kevin Givens,DT,Oct 2,Injured Reserve,Aug 26: Givens (pectoral) was placed on injured reserve Tuesday.,2025-09-12 11:46:08
SFO,Malik Mustapha,S,Oct 2,Out,Aug 26: Mustapha (knee) was placed on the reserve/PUP list Tuesday.,2025-09-12 11:46:08
SFO,Kurtis Rourke,QB,Oct 2,Out,Aug 26: Rourke (knee) was placed on the reserve/non-football injury list Tuesday.,2025-09-12 11:46:08
SFO,Brandon Aiyuk,WR,Oct 2,Out,Aug 26: The 49ers moved Aiyuk (knee) to the reserve/PUP list Tuesday.,2025-09-12 11:46:08
SFO,Patrick Taylor Jr.,RB,Feb 9,Injured Reserve,"Aug 19: Taylor will undergo season-ending surgery to repair a fracture in his shoulder, Nick Wagoner of ESPN.com reports.",2025-09-12 11:46:08
SFO,Tarron Jackson,DE,Feb 9,Injured Reserve,"Jul 29: Jackson (undisclosed) was discharged from the hospital and returned to the 49ers' training camp Monday, Matt Maiocco of NBC Sports Bay Area reports.",2025-09-12 11:46:08
SFO,Trent Taylor,WR,Feb 9,Injured Reserve,Jun 3: The 49ers placed Taylor (undisclosed) on injured reserve Tuesday.,2025-09-12 11:46:08
SFO,Tre Tomlinson,CB,Feb 9,Injured Reserve,"May 13: Tomlinson (undisclosed) reverted to the 49ers' injured reserve Tuesday, per the NFL's transaction log.",2025-09-12 11:46:08
SEA,Jarran Reed,DT,Sep 14,Questionable,"Sep 11: Reed (back) did not participate in Thursday's practice, Michael-Shawn Dugar of The Athletic reports.",2025-09-12 11:46:08
SEA,Devon Witherspoon,CB,Sep 14,Questionable,"Sep 11: Witherspoon (knee) did not participate in Thursday's practice, Michael-Shawn Dugar of The Athletic reports.",2025-09-12 11:46:08
SEA,Julian Love,S,Sep 14,Questionable,"Sep 11: Love (groin) did not practice Thursday, Michael-Shawn Dugar of The Athletic reports.",2025-09-12 11:46:08
SEA,Nick Emmanwori,S,Sep 14,Questionable,"Sep 10: Head coach Mike Macdonald said Wednesday that the Seahawks will wait until the end of the week before deciding whether to place Emmanwori (ankle) on injured reserve, John Boyle of the Seahawks' official site reports.",2025-09-12 11:46:08
SEA,Christian Haynes,G,Oct 5,Injured Reserve,"Aug 27: Haynes (pectoral) was placed on injured reserve with a designation to return Tuesday, John Boyle of the Seahawks' official website reports.",2025-09-12 11:46:08
SEA,Rylie Mills,DT,Oct 5,Out,"Aug 27: Mills (knee) was moved to the reserve/non-football injury list Tuesday, John Boyle of the Seahawks' official site reports.",2025-09-12 11:46:08
SEA,Johnathan Hankins,DT,Oct 5,Out,"Aug 27: Hankins (back) was moved to the reserve/non-football injury list Tuesday, John Boyle of the Seahawks' official site reports.",2025-09-12 11:46:08
SEA,AJ Finley,S,Feb 9,Injured Reserve,"Aug 4: The Seahawks placed Finley (knee) on injured reserve Monday, Corbin K. Smith of SI.com reports.",2025-09-12 11:46:08
SEA,Kenny McIntosh,RB,Feb 9,Injured Reserve,"Jul 28: The Seahawks placed McIntosh (knee) on injured reserve Monday, Curtis Crabtree of Fox 13 Seattle reports.",2025-09-12 11:46:08
TAM,Luke Goedeke,OT,Sep 15,Questionable,Sep 11: Goedeke did not participate in Thursday's practice due to a foot injury.,2025-09-12 11:46:08
TAM,Haason Reddick,LB,Sep 15,Questionable,Sep 11: Reddick was a limited participant in Thursday's practice due to a foot injury.,2025-09-12 11:46:08
TAM,Zyon McCollum,CB,Sep 15,Questionable,Sep 11: McCollum was a limited participant in Thursday's practice due to a neck injury.,2025-09-12 11:46:08
TAM,Ko Kieft,TE,Sep 15,Questionable,,2025-09-12 11:46:08
TAM,Greg Gaines,DT,Sep 15,Questionable,,2025-09-12 11:46:08
TAM,Tristan Wirfs,OT,Sep 15,Doubtful,"Sep 11: Wirfs (knee) was limited in practice Thursday, Scott Smith of the Buccaneers' official site reports.",2025-09-12 11:46:08
TAM,Chris Godwin Jr.,WR,Sep 15,Doubtful,"Sep 11: Coach Todd Bowles said Godwin (ankle) was limited at Thursday's practice, Scott Smith of the Buccaneers' official site reports.",2025-09-12 11:46:08
TAM,Jaden Smith,WR,Feb 9,Injured Reserve,"Aug 27: Smith (undisclosed) reverted to injured reserve Wednesday, per the NFL's transaction log.",2025-09-12 11:46:08
TAM,Jalen McMillan,WR,Oct 5,Injured Reserve,"Aug 26: The Buccaneers placed McMillan (neck) on injured reserve with a designation to return Tuesday, Scott Smith of the team's official site reports.",2025-09-12 11:46:08
TAM,JJ Roberts,S,Feb 9,Injured Reserve,"Aug 18: Tampa Bay placed Roberts (knee) on injured reserve Monday, Scott Smith of the team's official website reports.",2025-09-12 11:46:08
TAM,David Walker,LB,Feb 9,Injured Reserve,"Aug 2: The Buccaneers placed Walker (knee) on injured reserve Saturday, Adam Schefter of ESPN reports.",2025-09-12 11:46:08
TEN,Kalel Mullings,RB,Sep 14,Questionable,"Sep 11: Mullings (ankle) did not practice Thursday, Jim Wyatt of the Titans' official site reports.",2025-09-12 11:46:08
TEN,T'Vondre Sweat,DT,Sep 14,Questionable,,2025-09-12 11:46:08
TEN,L'Jarius Sneed,CB,Sep 14,Questionable,,2025-09-12 11:46:08
TEN,Arden Key,LB,Sep 14,Questionable,,2025-09-12 11:46:08
TEN,Quandre Diggs,S,Sep 14,Questionable,,2025-09-12 11:46:08
TEN,Kevin Winston Jr.,S,Sep 14,Questionable,,2025-09-12 11:46:08
TEN,JC Latham,OT,Sep 14,Questionable,"Sep 7: Latham is questionable to return to Sunday's game against Denver due to a hip injury, Paul Kuharsky of PaulKuharsky.com reports.",2025-09-12 11:46:08
TEN,Tyjae Spears,RB,Oct 5,Injured Reserve,Aug 26: The Titans officially placed Spears (ankle) on the injured reserve/designated for return list Tuesday.,2025-09-12 11:46:08
TEN,Anfernee Orji,LB,Feb 9,Injured Reserve,"Aug 13: Orji (knee) reverted to injured reserve with the Titans on Wednesday, per the NFL's official transaction log.",2025-09-12 11:46:08
TEN,Treylon Burks,WR,Feb 9,Injured Reserve,"Jul 29: Burks (collarbone) reverted to the Titans' injured reserve Tuesday, Mike Garafolo of NFL Network reports.",2025-09-12 11:46:08
TEN,Will Levis,QB,Feb 9,Injured Reserve,"Jul 23: Levis (shoulder) was placed on IR by the Titans on Wednesday, Jim Wyatt of the team's official site reports.",2025-09-12 11:46:08
WAS,Austin Ekeler,RB,Sep 21,Doubtful,,2025-09-12 11:46:08
WAS,John Bates,TE,Sep 21,Questionable,,2025-09-12 11:46:08
WAS,Jonathan Jones,CB,Sep 21,Questionable,Sep 11: Jones (hamstring) is questionable to return to Thursday's contest against the Packers.,2025-09-12 11:46:08
WAS,Noah Brown,WR,Sep 21,Questionable,Sep 11: Brown was ruled out for the rest of Thursday's game against the Packers due to a groin injury.,2025-09-12 11:46:08
WAS,Deatrich Wise Jr.,DE,Sep 21,Questionable,Sep 11: Wise (quadriceps) has been ruled out for the remainder of Thursday's contest against the Packers.,2025-09-12 11:46:08
WAS,Josh Johnson,QB,Sep 21,Out,Sep 11: Johnson (coach's decision) is inactive for Thursday's game against the Packers but will serve as the Commanders' emergency third-string quarterback.,2025-09-12 11:46:08
WAS,Chris Rodriguez Jr.,RB,Sep 21,Out,Sep 11: Rodriguez (coach's decision) is inactive for Thursday's game against the Packers.,2025-09-12 11:46:08
WAS,Mitch Wishnowsky,P,Sep 21,Out,,2025-09-12 11:46:08
WAS,Trent Scott,OT,Sep 21,Out,,2025-09-12 11:46:08
WAS,Kain Medrano,LB,Sep 21,Out,,2025-09-12 11:46:08
WAS,Ale Kaho,LB,Sep 21,Out,,2025-09-12 11:46:08
WAS,George Fant,OT,Sep 21,Out,,2025-09-12 11:46:08
WAS,Lucas Niang,OT,Feb 9,Injured Reserve,Aug 11: Niang (knee) was placed on injured reserve Monday.,2025-09-12 11:46:08
WAS,Sam Cosmi,G,Oct 5,Out,"Aug 4: Head coach Dan Quinn said Monday that a Week 1 return is ""still on the table"" for Cosmi (knee), John Keim of ESPN.com reports.",2025-09-12 11:46:08
WAS,Tyree Jackson,TE,Feb 9,Injured Reserve,Aug 2: The Commanders placed Jackson (undisclosed) on injured reserve Saturday.,2025-09-12 11:46:08
